<?xml version="1.0" encoding="UTF-8" standalone="yes"?>
<list xmlns="http://www.imr.no/formats/nmdreference/v1" tableName="Abundance" description="Gradering av fiskemengde (Ingen fisk, noe fisk, enkeltfisk, mye, overlappende enkeltfisk, stor tetthet, stimer)" lookupName="Abundance">
    <lastChanged>2011-11-24T00:00:00.000+01:00</lastChanged>
    <element shortname="Ikke bestemt" name="0" description="Ikke bestemt" validFrom="1900-01-01T00:00:00.000+01:00" validTo="7777-01-01T00:00:00.000+01:00" id="2352FFFB76BD2530501BD1221C763AE0" deprecated="false"/>
    <element shortname="Tetthet ikke kjent" name="1" description="Tetthet ikke kjent" validFrom="1900-01-01T00:00:00.000+01:00" validTo="7777-01-01T00:00:00.000+01:00" id="560657B51559D4229BB3ECE0B812738E" deprecated="false"/>
    <element shortname="Sjelden, spredte forkomst" name="2" description="Sjelden, spredte forkomster" validFrom="1900-01-01T00:00:00.000+01:00" validTo="7777-01-01T00:00:00.000+01:00" id="ADA7FD6219AF2485193F71B8940078F7" deprecated="false"/>
    <element shortname="Forekommer tidvis" name="3" description="Forekommer tidvis" validFrom="1900-01-01T00:00:00.000+01:00" validTo="7777-01-01T00:00:00.000+01:00" id="FABE8595F09C45AA14D8B02D7E426CB7" deprecated="false"/>
    <element shortname="Forekommer ofte" name="4" description="Forekommer ofte" validFrom="1900-01-01T00:00:00.000+01:00" validTo="7777-01-01T00:00:00.000+01:00" id="C6354C228615DC4E24A98A991A6BB683" deprecated="false"/>
    <element shortname="Kjerneområde, tette forek" name="5" description="Kjerneområde, tette forekomster" validFrom="1900-01-01T00:00:00.000+01:00" validTo="7777-01-01T00:00:00.000+01:00" id="E903034EB6286DEB50A59420CD84AA17" deprecated="false"/>
</list>
