<?xml version="1.0" encoding="UTF-8" standalone="yes"?>
<acousticCategoryList xmlns="http://www.imr.no/formats/nmdreference/v1">
    <lastChanged>2011-11-22T00:00:00.000+01:00</lastChanged>
    <element acousticcategory="1" initials="OTHER" englishInitials="OTHER" commonName="Andre sorter" englishName="Other species" id="35E20C6EE727C987851231200ED32645" deprecated="false"/>
    <element acousticcategory="2" initials="BOTT" englishInitials="BOTT" commonName="Bunnfisk" englishName="Bottom fish" id="E94B3200B7FDF3E4A919B9FCA86EFC2D" deprecated="false"/>
    <element acousticcategory="3" initials="PELAG" englishInitials="PELAG" commonName="Pelagisk fisk" englishName="Pelagic fish" id="3FAB33BDA63FC499F0DA4248AC403A56" deprecated="false"/>
    <element acousticcategory="4" initials="JELLY" englishInitials="JELLY" commonName="Maneter" englishName="Jellyfish" id="B6A01A482750577571E926EF6A7C600E" deprecated="false"/>
    <element acousticcategory="5" initials="SHRIM" englishInitials="SHRIM" commonName="Reker" englishName="Shrimps" id="FC1CD281515557B8C1EE4736B80E20A1" deprecated="false"/>
    <element acousticcategory="6" initials="PLANK" englishInitials="PLANK" commonName="Plankton" englishName="Plankton" pgnapescode="PLK" id="0A8B865024AAE5316111D18CE5B2D8C9" deprecated="false"/>
    <element acousticcategory="7" initials="LANTE" englishInitials="LANTE" commonName="Lysprikkfisk" englishName="Lantern fish" pgnapescode="MYX" id="7FB4730287855B1E1926C6E10324AA5F" deprecated="false"/>
    <element acousticcategory="8" initials="POLAR" englishInitials="POLAR" commonName="Polartorsk" englishName="Polar cod (In North America: arctic cod)" pgnapescode="POC" id="2629C7C341D9CD2F3FC297814055CDEE" deprecated="false"/>
    <element acousticcategory="9" initials="2HERR" englishInitials="2HERR" commonName="II-Sild" englishName="II-Herring (2-3 years old)" id="E83959A3B4E9F770A2276893E94F6448" deprecated="false"/>
    <element acousticcategory="10" initials="1HERR" englishInitials="1HERR" commonName="I-Sild" englishName="I-Herring (1-2 years old)" id="6FAAFDE2C2A1414B2CFCE96D0E99332E" deprecated="false"/>
    <element acousticcategory="11" initials="0HERR" englishInitials="0HERR" commonName="0-Sild" englishName="0-Herring (0-1 years old)" id="DA11F0EFF818F1CD37DE7DAC659DF733" deprecated="false"/>
    <element acousticcategory="12" initials="HERR" englishInitials="HERR" commonName="Sild" englishName="Herring" pgnapescode="HER" id="682A203C20CA805C2650F4CFE579FC03" deprecated="false"/>
    <element acousticcategory="13" initials="2CAP" englishInitials="2CAP" commonName="II-Lodde" englishName="II-Capelin (2-3 years old)" id="D03BEF7402B074E75A5206E19434103B" deprecated="false"/>
    <element acousticcategory="14" initials="1CAP" englishInitials="1CAP" commonName="I-Lodde" englishName="I-Capelin (1-2 years old)" id="226133FC051F1238722ADDD410E684D4" deprecated="false"/>
    <element acousticcategory="15" initials="0CAP" englishInitials="0CAP" commonName="0-Lodde" englishName="0-Capelin (0-1 years old)" id="6F66E1B5FD83C1D9FD5DFD0B070A52A9" deprecated="false"/>
    <element acousticcategory="16" initials="CAP" englishInitials="CAP" commonName="Lodde" englishName="Capelin" pgnapescode="CAP" id="1E7047503B3E20B1B6DB1C426F5DD390" deprecated="false"/>
    <element acousticcategory="17" initials="0MIX" englishInitials="0MIX" commonName="0-gruppe blandet" englishName="0-group mixed (0-1 years old)" id="8FD53647AA58D2F51574B6320DFE993C" deprecated="false"/>
    <element acousticcategory="18" initials="WHITE" englishInitials="WHITE" commonName="Hvitting" englishName="Whiting" pgnapescode="WHG" id="E8D9C85657CD841130D195E74270F0F8" deprecated="false"/>
    <element acousticcategory="19" initials="POLLO" englishInitials="POLLO" commonName="Lyr" englishName="Pollock" id="15C3EB9D7A4D1D2A33161D38DB94AAF2" deprecated="false"/>
    <element acousticcategory="20" initials="SPRAT" englishInitials="SPRAT" commonName="Brisling" englishName="Sprat" id="CDD1825BFB845A83698E14B299545546" deprecated="false"/>
    <element acousticcategory="21" initials="MACKE" englishInitials="MACKE" commonName="Makrell" englishName="Macerel" pgnapescode="MAC" id="86163C15BCAF1A4BD0DAE99471746456" deprecated="false"/>
    <element acousticcategory="22" initials="SAITH" englishInitials="SAITH" commonName="Sei" englishName="Saithe" pgnapescode="POK" id="24D8B879EB5AF10B6B83C4F748CB0894" deprecated="false"/>
    <element acousticcategory="23" initials="GR.SI" englishInitials="GR.SI" commonName="Vassild" englishName="Gr.silv.smelt" id="1E07032C45D1E8B64D3D8B07AB131522" deprecated="false"/>
    <element acousticcategory="24" initials="BLUE" englishInitials="BLUE" commonName="Kolmule" englishName="Blue whiting" pgnapescode="WHB" id="E017E42A8873F164AE2C4F242FCDCF3B" deprecated="false"/>
    <element acousticcategory="25" initials="TUSK" englishInitials="TUSK" commonName="Brosme" englishName="Tusk" pgnapescode="USK" id="CBD92793FFEA3F4E71305734B277323E" deprecated="false"/>
    <element acousticcategory="26" initials="LING" englishInitials="LING" commonName="Lange" englishName="Ling" id="A91511D8DDC788D449D1E2087FBB1672" deprecated="false"/>
    <element acousticcategory="27" initials="SAND" englishInitials="SAND" commonName="Sil" englishName="Sand eel" pgnapescode="SAN" id="1AF90E90FD6FC5731FACFF08AFCFEB2D" deprecated="false"/>
    <element acousticcategory="28" initials="N.POU" englishInitials="N.POU" commonName="Oeyepaal" englishName="Norway pout" pgnapescode="NOP" id="6B41C40D17708B9DF52CBF731D86620C" deprecated="false"/>
    <element acousticcategory="29" initials="RED" englishInitials="RED" commonName="Uer" englishName="Redfish" pgnapescode="RED" id="C8F501D9EF8DC62347EF3E399EA75B37" deprecated="false"/>
    <element acousticcategory="30" initials="HADDO" englishInitials="HADDO" commonName="Hyse" englishName="Haddock" pgnapescode="HAD" id="27088FDDEB93F8541590B160D8D06B7E" deprecated="false"/>
    <element acousticcategory="31" initials="COD" englishInitials="COD" commonName="Torsk" englishName="Cod" pgnapescode="COD" id="4106E2D30E5D153E43EB94DFA339336C" deprecated="false"/>
    <element acousticcategory="32" initials="0RED" englishInitials="0RED" commonName="0-Uer" englishName="0-Redfish (0-1 years old)" id="2F5F9CA04D4710C4EA3AE928684E54C1" deprecated="false"/>
    <element acousticcategory="33" initials="0POLA" englishInitials="0POLA" commonName="0-Polartorsk" englishName="0-Polar cod (0-1 years old)" id="6F1409B09F4B03FC656DA7F2CC5C6216" deprecated="false"/>
    <element acousticcategory="41" initials="Ha/Co" englishInitials="Ha/Co" commonName="Hyse, Torsk" englishName="Haddock, Cod" id="58B6A7DC461163F58D857747AD1EEF87" deprecated="false"/>
    <element acousticcategory="42" initials="Gr/Bl" englishInitials="Gr/Bl" commonName="Vassild, Kolmule" englishName="Gr.s. smelt, Bl. whiting" id="C2550D68112F7342294FCD2C7BD5495F" deprecated="false"/>
    <element acousticcategory="43" initials="Ot/Ca" englishInitials="Ot/Ca" commonName="Andre sorter, Lodde" englishName="Others, Capelin" id="6D226472536C8C6560DB7A0111DDFE08" deprecated="false"/>
    <element acousticcategory="44" initials="Pe/Pl" englishInitials="Pe/Pl" commonName="Pelagisk fisk, Plankton" englishName="Pelagic fish, Plankton" id="14252F0B2C0A44D197E6FA88884303AA" deprecated="false"/>
    <element acousticcategory="45" initials="Ot/Pl" englishInitials="Ot/Pl" commonName="Andre sorter, Plankton" englishName="Others, Plankton" id="B4EC89DD1E7BCDB9ABDF187D0671578A" deprecated="false"/>
    <element acousticcategory="46" initials="P/0/0" englishInitials="P/0/0" commonName="Plankton, 0-Sild, 0-Lodde" englishName="Plank., 0-Herr., 0-Cap." id="3B899CA81DCA8D1413B638853D6B9E30" deprecated="false"/>
    <element acousticcategory="47" initials="U/H/C" englishInitials="U/H/C" commonName="Uer, Hyse, Torsk" englishName="Redfish, Haddock, Cod" id="9B9491C956D35AC83C5C8C1320E8FF1C" deprecated="false"/>
    <element acousticcategory="48" initials="Ca/Bl" englishInitials="Ca/Bl" commonName="Lodde, Kolmule" englishName="Capelin, Blue whiting" id="D8A2AF4958F8D23E2CD893684EDD6042" deprecated="false"/>
    <element acousticcategory="49" initials="La/Bl" englishInitials="La/Bl" commonName="Lysprikkfisk, Kolmule" englishName="Lantern fish, Bl. whiting" id="FD071D4F7BCA8F5CC5EAB7E52D1961D6" deprecated="false"/>
    <element acousticcategory="50" initials="Bl/Re" englishInitials="Bl/Re" commonName="Kolmule, Uer" englishName="Blue whiting, Redfish" id="DB84BD4D41E279E3F8DEF33D4B8566A9" deprecated="false"/>
    <element acousticcategory="51" initials="Ot/He" englishInitials="Ot/He" commonName="Andre sorte, 0-Sild, Sild" englishName="Others, 0-Herr., Herring" id="9ADE01C210DDD2AB860EE42DC2D4AB8B" deprecated="false"/>
    <element acousticcategory="52" initials="BOTT2" englishInitials="BOTT2" commonName="Bunnfisk type 2" englishName="Bottom fish type 2" id="C882D6646A9753C5334EA76211916AF3" deprecated="false"/>
    <element acousticcategory="53" initials="He/Sp" englishInitials="He/Sp" commonName="Sild, Brisling" englishName="Herring, Sprat" id="8B862AECCF2698B25B27FBB5249A71A7" deprecated="false"/>
    <element acousticcategory="54" initials="Pl/La" englishInitials="Pl/La" commonName="Plankton, Lysprikkfisk" englishName="Plankton, Lantern fish" id="33295606F4EF97615ED6046C53481AB6" deprecated="false"/>
    <element acousticcategory="55" initials="Ot/Bo" englishInitials="Ot/Bo" commonName="Andre sorter, Bunnfisk" englishName="Others, Bottom reg" id="B8AAD31F4AF7FBC568ECCC8DD34D27A4" deprecated="false"/>
    <element acousticcategory="56" initials="W/T/S" englishInitials="W/T/S" commonName="Hvitting, Brosme, Sil" englishName="Whiting, Tusk, Sand eel" id="D10C344B5399FFAA5C001EF5A3AFFBDF" deprecated="false"/>
    <element acousticcategory="57" initials="P/0Mx" englishInitials="P/0Mx" commonName="Plankton, 0-gruppe blandet" englishName="Plankton, 0-group mixed" id="8CDFE3E5858235C166F8AF257D33A332" deprecated="false"/>
    <element acousticcategory="58" initials="1/2He" englishInitials="1/2He" commonName="I-Sild, 0-Sild" englishName="I-Herring, 0-Herring" id="0D9F8F6671827EA4781DCB8D00135B4A" deprecated="false"/>
    <element acousticcategory="59" initials="1/2Lo" englishInitials="1/2Lo" commonName="II-Lodde, I-Lodde" englishName="II-Capelin, I-Capelin" id="582859B683DFAD7D4B80EE863896BAE0" deprecated="false"/>
    <element acousticcategory="60" initials="Ot/He" englishInitials="Ot/He" commonName="Andre sorter, II-Sild" englishName="Others, II-Herring" id="B92D8C3DA8304FEBC828F9B0DB5932BA" deprecated="false"/>
    <element acousticcategory="61" initials="OH/Sp" englishInitials="OH/Sp" commonName="0-Sild, Brisling" englishName="0-Herring, Sprat" id="712F84B6A7E30A9264C966466A3F0350" deprecated="false"/>
    <element acousticcategory="62" initials="B/N/C" englishInitials="B/N/C" commonName="Bunnfisk, Oeyepaal, Torsk" englishName="Bot. reg, Norw. pout, Cod" id="15F03C0781934AC061DF4B1150F2FBCC" deprecated="false"/>
    <element acousticcategory="63" initials="B/H/C" englishInitials="B/H/C" commonName="Bunnfisk, Hyse, Torsk" englishName="Bot. reg, Haddock, Cod" id="567E755119088D2F0D59448AFFAD6544" deprecated="false"/>
    <element acousticcategory="64" initials="Pe/La" englishInitials="Pe/La" commonName="Pelagisk fisk, Lysprikkfisk" englishName="Pel. fish, Lantern fish" id="7FC6C6EF06955D1F4F2B62C4D44C6D98" deprecated="false"/>
    <element acousticcategory="66" initials="Ot/Re" englishInitials="Ot/Re" commonName="Andre sorter, Uer" englishName="Others, Redfish" id="8E3AC4805BDFDD9F1191BE12BAF3E36B" deprecated="false"/>
    <element acousticcategory="67" initials="G67" englishInitials="G67" commonName="Maneter, Reker, Plankton, Lysprikk" englishName="Jellyfis, Shr., Pl., Lan." id="A6657DF26AF1B95D84FEB1EA9AE65A18" deprecated="false"/>
    <element acousticcategory="68" initials="G68" englishInitials="G68" commonName="Pelagisk, Maneter, Plankton, Lysprik" englishName="Pel., Jellyfis, Pl., Lan." id="91CFC206EBC14C24432159315D595294" deprecated="false"/>
    <element acousticcategory="69" initials="Ma/Sa" englishInitials="Ma/Sa" commonName="Makrell, Sei" englishName="Macerel, Saithe" id="3441CD3E114F1A11E4A9131B0186D22E" deprecated="false"/>
    <element acousticcategory="73" initials="LRED" englishInitials="LRED" commonName="Lusuer" englishName="Redfish" id="E7C97A26C9BFEDED81473F9DA8098BC4" deprecated="false"/>
    <element acousticcategory="76" initials="Me/Pl" englishInitials="Me/Pl" commonName="Mesopelagisk fisk, Plankton" englishName="Mesopelagic, Plankton" id="33458886069D80B8C1C76A953B31BE05" deprecated="false"/>
    <element acousticcategory="77" initials="KRILL" englishInitials="KRILL" commonName="Krill (euphausiids)" englishName="Krill (euphausiids)" pgnapescode="KRZ" id="621C5C09ECF699C0241217558D10BD80" deprecated="false"/>
    <element acousticcategory="100" initials="TOTAL" englishInitials="TOTAL" commonName="Total" englishName="Total" id="FDB13AD78F0DC12F5644CDBBE7501710" deprecated="false"/>
    <element acousticcategory="5001" initials="0SPRA" englishInitials="0SPRA" commonName="0-Brisling" englishName="0-Sprat" id="99A508BBCE96585F9120490252EC5AC8" deprecated="false"/>
    <element acousticcategory="5002" initials="RGREN" englishInitials="RGREN" commonName="Skolest" englishName="Roundnose grenadier" id="66FD68C1414DDD31F05ACFE58B4BF8A9" deprecated="false"/>
    <element acousticcategory="5003" initials="HMACK" englishInitials="HMACK" commonName="Taggmakrell (hestmakrell)" englishName="Horse Mackerel" pgnapescode="HOM" id="7E6112CDAE1721FECADF7B0BBF5B5F0A" deprecated="false"/>
    <element acousticcategory="5004" initials="PILCH" englishInitials="PILCH" commonName="Pilchard = Sardintype" englishName="Pilchard" id="C5F728EEE2036063C61577C3BCE6BD0D" deprecated="false"/>
    <element acousticcategory="5005" initials="PSIDE" englishInitials="PSIDE" commonName="Laksesild" englishName="Pearlside" pgnapescode="PLS" id="E556510A1D2CF5548CC622587E200A66" deprecated="false"/>
    <element acousticcategory="5006" initials="Gs/Rg" englishInitials="Gs/Rg" commonName="Vassild, Skolest" englishName="Gr.s. smelt, R.n. grenadi" id="5C178874D48F8D3A5EACE5E0D4993DF3" deprecated="false"/>
    <element acousticcategory="5007" initials="A/G/R" englishInitials="A/G/R" commonName="Ansjos eller vassild, Skolest" englishName="Anchovy or G.sm., Ro. gr." id="AF4973F672AF131E44DBB29FFC33CE24" deprecated="false"/>
    <element acousticcategory="5008" initials="RHERR" englishInitials="RHERR" commonName="Round herring ??" englishName="Round herring" id="81D948B90EB241214E6A66D4500DD9A1" deprecated="false"/>
    <element acousticcategory="5009" initials="HMACK" englishInitials="HMACK" commonName="IKKE  BRUK KOMPATIBILITET: - Taggmakrell" englishName="DO NOT USE - COMPATIBILITY: Horse mackerel ??" id="22567D36F63DB6B204DF00D35390EE21" deprecated="false"/>
    <element acousticcategory="5010" initials="HAKE" englishInitials="HAKE" commonName="Hake" englishName="Hake" pgnapescode="HKE" id="EC8289498C356C9587BF590D73AFEA01" deprecated="false"/>
    <element acousticcategory="5011" initials="DENT" englishInitials="DENT" commonName="Dentex" englishName="Dentex" id="248238CCDFB38E05C9B3AA5F6E2197AC" deprecated="false"/>
    <element acousticcategory="5012" initials="ODFI" englishInitials="ODFI" commonName="Other demersal fish" englishName="Other demersal fish" id="C852FE96517C161773C3AD54C1423544" deprecated="false"/>
    <element acousticcategory="5013" initials="MESFI" englishInitials="MESFI" commonName="Mesopelagisk fisk" englishName="Mesopelagic fish" pgnapescode="MES" id="FEF5CDD2AFD577247DE91F6BCB9B3C6B" deprecated="false"/>
    <element acousticcategory="5014" initials="An/RH" englishInitials="An/RH" commonName="Anchovy, Round herring" englishName="Anchovy, Round herring (etrumeus teres)" id="5A400FA3D92B95F147996B108C61402F" deprecated="false"/>
    <element acousticcategory="5015" initials="SARD" englishInitials="SARD" commonName="Sardinella = Sardintype" englishName="Sardinella" id="B1F9A51711F908C608F7E3D818CF57CC" deprecated="false"/>
    <element acousticcategory="5016" initials="PEL1" englishInitials="PEL1" commonName="Pelagisk fisk 1" englishName="Pelagic 1 fish" id="DD1999EFCABBC7E8BF4AFAF35A376048" deprecated="false"/>
    <element acousticcategory="5017" initials="PEL2" englishInitials="PEL2" commonName="Pelagisk fisk 2" englishName="Pelagic 2 fish" id="741358B93B0CE6DC5D29EC9AC4DCE84B" deprecated="false"/>
    <element acousticcategory="5018" initials="BRAC" englishInitials="BRAC" commonName="? UKJENT ?" englishName="? UNKNOWN ?" id="11FAA27DA4DB1A47981ABE437351C1DD" deprecated="false"/>
    <element acousticcategory="5019" initials="SARDA" englishInitials="SARDA" commonName="Makrelltype" englishName="Mackerel type" id="2C3D05D35BA4F4CBE5611F8BBED536E6" deprecated="false"/>
    <element acousticcategory="5020" initials="SARDM" englishInitials="SARDM" commonName="? UKJENT ?" englishName="? UNKNOWN ?" id="1A1140BFD66DBEFFE9758B58ACFEF3EF" deprecated="false"/>
    <element acousticcategory="5021" initials="DERH" englishInitials="DERH" commonName="? UKJENT ?" englishName="? UNKNOWN ?" id="21018C9FE5F0C71576EB2C3531DB7B75" deprecated="false"/>
    <element acousticcategory="5022" initials="Pl/Mf" englishInitials="Pl/Mf" commonName="Plankton  mesopel. fish" englishName="Plankton mesopel. fish" id="D536851AF51A0BE7ABF81FB37A0B2D2B" deprecated="false"/>
    <element acousticcategory="5023" initials="GOBI" englishInitials="GOBI" commonName="Gobies" englishName="Gobies" id="6B12070503D4CA95AF53FE63548C34BD" deprecated="false"/>
    <element acousticcategory="5024" initials="Gs/St" englishInitials="Gs/St" commonName="Vassild, Stroemsild" englishName="Gr.silv.smelt, Argentine" id="91829B0BC8AD100557F32E90CE79677B" deprecated="false"/>
    <element acousticcategory="5025" initials="GONA" englishInitials="GONA" commonName="Gonatus" englishName="Gonatus" id="6B0E494130192AAD8F2392A66A640A88" deprecated="false"/>
    <element acousticcategory="5026" initials="Pe/La" englishInitials="Pe/La" commonName="Laksesild, Lysprikkfisk" englishName="Pearlside, Lanternfish" id="FB7A76F9A00AA28A4411354273A70FE0" deprecated="false"/>
    <element acousticcategory="5027" initials="0SAND" englishInitials="0SAND" commonName="0gr. tobis" englishName="0-group sandeels" id="ABA95D60CB160832EB2C1EAFA7979D83" deprecated="false"/>
    <element acousticcategory="5028" initials="C_RED" englishInitials="C_RED" commonName="IKKE BRUK - Kompatibilitet: Lusuer" englishName="DO NOT USE - COMPATIBILITY: redfish" id="71089D58F7F14042FD7338F34A71CA6A" deprecated="false"/>
    <element acousticcategory="5029" initials="SNA" englishInitials="SNA" commonName="Snabeluer" englishName="??" id="81051B307B949393BC7EE1F2E2F29298" deprecated="false"/>
    <element acousticcategory="5030" initials="K_HAK" englishInitials="K_HAK" commonName="IKKE BRUK - Kompatibilitet: Lysing" englishName="DO NOT USE - COMPATIBILITY: redfish" id="FE66C90E8CFC459BCA6428BB9F19A639" deprecated="false"/>
    <element acousticcategory="5031" initials="YHADD" englishInitials="YHADD" commonName="Unghyse" englishName="Young haddock" id="E2FE6CFBCC12F1E7434D21AB9FF7480A" deprecated="false"/>
    <element acousticcategory="5032" initials="YCOD" englishInitials="YCOD" commonName="Ungtorsk" englishName="Young cod" id="78BD15C6854CBCC2A0B2452A56BD974A" deprecated="false"/>
    <element acousticcategory="5033" initials="ARGE" englishInitials="ARGE" commonName="Stroemsild" englishName="Argentine" id="D94AD227DBF9DA999DBEF311D57A178B" deprecated="false"/>
    <element acousticcategory="5034" initials="C_ARG" englishInitials="C_ARG" commonName="IKKE BRUK - Kompatibilitet: Stroemsild" englishName="DO NOT USE - COMPATIBILITY: argentine" id="398C1D5A301C87A4CDB60ED84E207AFD" deprecated="false"/>
    <element acousticcategory="5035" initials="C_G/S" englishInitials="C_G/S" commonName="IKKE BRUK - Kompatibilitet: Vass/Str.s" englishName="DO NOT USE - COMPATIBILITY: gss.+arg." id="2B7DA609B4B949049EF7315434E718A7" deprecated="false"/>
    <element acousticcategory="5036" initials="C_MES" englishInitials="C_MES" commonName="IKKE BRUK - Kompatibilitet: Mesop fisk" englishName="DO NOT USE - COMPATIBILITY: mesop.f." id="86F68E353B64972BE802FC13E2AD6DF5" deprecated="false"/>
    <element acousticcategory="5037" initials="C_PEA" englishInitials="C_PEA" commonName="IKKE BRUK - Kompatibilitet: Laksesild" englishName="DO NOT USE - COMPATIBILITY: pearlside" id="56D9238DF8435DFEE8271C69BA7AE0DA" deprecated="false"/>
    <element acousticcategory="5039" initials="RATTA" englishInitials="RATTA" commonName="Skolestfamilie" englishName="Rat tail family" id="4B2222CC7BD14C2AAE4247630F8389FE" deprecated="false"/>
    <element acousticcategory="5040" initials="ALFON" englishInitials="ALFON" commonName="Beryx" englishName="Alfonsino" id="BC1D8776615E72B8CD14793FBF6F9A78" deprecated="false"/>
    <element acousticcategory="5041" initials="ANCHO" englishInitials="ANCHO" commonName="Ansjos" englishName="Anchovy" id="4D0563510EC3F0843CE39DF8BEB1546C" deprecated="false"/>
    <element acousticcategory="5842" initials="ORANG" englishInitials="ORANG" commonName="Orange Roughy" englishName="Orange Roughy" id="4FD87B1D6166EFDA2C9B3C97C37FB807" deprecated="false"/>
    <element acousticcategory="5843" initials="SHARK" englishInitials="SHARK" commonName="Hai" englishName="Shark" id="F87240550F50411C058DA7AB6A3D4D2C" deprecated="false"/>
    <element acousticcategory="5844" initials="OREO" englishInitials="OREO" commonName="Oreo dories" englishName="Oreo dories" id="2386C695642DB120046F97B6666865AC" deprecated="false"/>
    <element acousticcategory="5845" initials="JHAKE" englishInitials="JHAKE" commonName="Ung lysing" englishName="Young hake" id="EE2A9A1F85BB3E4D909AD5D3B86390F9" deprecated="false"/>
    <element acousticcategory="6001" initials="BLUEF" englishInitials="BLUEF" commonName="Bluefish" englishName="Bluefish" id="9B1235A707933619002F621BE7624437" deprecated="false"/>
    <element acousticcategory="6002" initials="MHMAC" englishInitials="MHMAC" commonName="Middelhav taggmakrell" englishName="Mediterranean horse mackerel" id="3E0F8B59BD2DC4DB5FF153A17E204ACE" deprecated="false"/>
    <element acousticcategory="6003" initials="RMULL" englishInitials="RMULL" commonName="Red mullet" englishName="Red mullet" id="42AA1B68B52A65BC1385D9F7D8265D5E" deprecated="false"/>
    <element acousticcategory="6004" initials="MULL" englishInitials="MULL" commonName="Mullets" englishName="Mullets" id="E0B4E00DEC66EF82D775866418E156B8" deprecated="false"/>
    <element acousticcategory="6005" initials="PDOG" englishInitials="PDOG" commonName="Piked dogfish" englishName="Piked dogfish" id="8C948B1EAE5696482122B3B49AF1967E" deprecated="false"/>
    <element acousticcategory="6006" initials="BELON" englishInitials="BELON" commonName="Belone belone" englishName="Belone belone" id="5E62878810094DAA057B3E32C86144A6" deprecated="false"/>
</acousticCategoryList>
