<?xml version="1.0" encoding="UTF-8" standalone="yes"?>
<list xmlns="http://www.imr.no/formats/nmdreference/v1" tableName="Behaviour" description="Adferd organisme" lookupName="Behaviour">
    <lastChanged>2012-11-21T00:00:00.000+01:00</lastChanged>
    <element shortname="Vårvandring" name="7" description="Vårvandring" validFrom="1900-01-01T00:00:00.000+01:00" validTo="7777-01-01T00:00:00.000+01:00" id="CE6B3BDA22644EAD3493E52F4606E81C" deprecated="false"/>
    <element shortname="Høstvandring" name="8" description="Høstvandring" validFrom="1900-01-01T00:00:00.000+01:00" validTo="7777-01-01T00:00:00.000+01:00" id="67CE3DA891D11E9CBAB2466704B1AFD0" deprecated="false"/>
    <element shortname="Gyteområde" name="9" description="Gyteområde" validFrom="1900-01-01T00:00:00.000+01:00" validTo="7777-01-01T00:00:00.000+01:00" id="CBCD6188E62FE4C27AA059941300124F" deprecated="false"/>
    <element shortname="Vandringskorridor" name="11" description="Vandringskorridor" validFrom="1900-01-01T00:00:00.000+01:00" validTo="7777-01-01T00:00:00.000+01:00" id="5296313A26C1CD9B327D91D949795352" deprecated="false"/>
    <element shortname="Sommerområde" name="10" description="Sommerområde" validFrom="1900-01-01T00:00:00.000+01:00" validTo="7777-01-01T00:00:00.000+01:00" id="3E4ED67E1ED8A806090E03617209253C" deprecated="false"/>
    <element shortname="Beiteområde" name="12" description="Beiteområde" validFrom="1900-01-01T00:00:00.000+01:00" validTo="7777-01-01T00:00:00.000+01:00" id="3D253B4A492B8B5B71E608E99520F1AF" deprecated="false"/>
    <element shortname="Generell utbredelse" name="13" description="Generell utbredelse" validFrom="1900-01-01T00:00:00.000+01:00" validTo="7777-01-01T00:00:00.000+01:00" id="8E7EA21DB30CD800B4337E30894F641B" deprecated="false"/>
    <element shortname="Liggeplass" name="14" description="Liggeplass" validFrom="1900-01-01T00:00:00.000+01:00" validTo="7777-01-01T00:00:00.000+01:00" id="21BEA63E6DD9DA99CF36EC4C4D83B251" deprecated="false"/>
    <element shortname="Ikke bestemt" name="0" description="Ikke bestemt" validFrom="1900-01-01T00:00:00.000+01:00" validTo="7777-01-01T00:00:00.000+01:00" id="074708064E4091D979FDE8B5A75D2000" deprecated="false"/>
    <element shortname="Næringsvandring" name="1" description="Næringsvandring" validFrom="1900-01-01T00:00:00.000+01:00" validTo="7777-01-01T00:00:00.000+01:00" id="74A9AD9907D1EF33242A89490E7F0AD1" deprecated="false"/>
    <element shortname="Gytevandring" name="2" description="Gytevandring" validFrom="1900-01-01T00:00:00.000+01:00" validTo="7777-01-01T00:00:00.000+01:00" id="485B69F3108D8941E1F560B6D2E95A84" deprecated="false"/>
    <element shortname="Gyte/Yngle område" name="3" description="Gyte/Yngle område" validFrom="1900-01-01T00:00:00.000+01:00" validTo="7777-01-01T00:00:00.000+01:00" id="F6D22A1E84233C757DDDD629044B7AF0" deprecated="false"/>
    <element shortname="Overvintring" name="4" description="Overvintring" validFrom="1900-01-01T00:00:00.000+01:00" validTo="7777-01-01T00:00:00.000+01:00" id="97F9ACD8226525C01E6F05973459FB62" deprecated="false"/>
    <element shortname="Hårfelling" name="5" description="Hårfelling" validFrom="1900-01-01T00:00:00.000+01:00" validTo="7777-01-01T00:00:00.000+01:00" id="93ABDB3ED8335432379E8DA7E94E2A1A" deprecated="false"/>
    <element shortname="Kasting" name="6" description="Kasting" validFrom="1900-01-01T00:00:00.000+01:00" validTo="7777-01-01T00:00:00.000+01:00" id="0792FEB27F8288EA29AAB39B06FD9719" deprecated="false"/>
</list>
