<?xml version="1.0" encoding="UTF-8" standalone="yes"?>
<list xmlns="http://www.imr.no/formats/nmdreference/v1" tableName="INTERVALL" description="INTERVALL" lookupName="BIO_INTERVALL">
    <lastChanged>2014-10-30T00:00:00.000+01:00</lastChanged>
    <element shortname="1 mm" name="1" description="1 mm" validFrom="1900-01-01T00:00:00.000+01:00" validTo="7777-01-01T00:00:00.000+01:00" id="FD8404689CE5AC9AD6C6A555F9E93CA3" deprecated="false"/>
    <element shortname="5 mm" name="2" description="5 mm" validFrom="1900-01-01T00:00:00.000+01:00" validTo="7777-01-01T00:00:00.000+01:00" id="3E0E7415C0833F1E6BE3275514680545" deprecated="false"/>
    <element shortname="1 cm" name="3" description="1 cm" validFrom="1900-01-01T00:00:00.000+01:00" validTo="7777-01-01T00:00:00.000+01:00" id="8A70373375ECE74EB58C41E4FA2DF410" deprecated="false"/>
    <element shortname="3 cm" name="4" description="3 cm" validFrom="1900-01-01T00:00:00.000+01:00" validTo="7777-01-01T00:00:00.000+01:00" id="EEDE51C4EA270D50553B496E4147123C" deprecated="false"/>
    <element shortname="5 cm" name="5" description="5 cm" validFrom="1900-01-01T00:00:00.000+01:00" validTo="7777-01-01T00:00:00.000+01:00" id="FDCB81869FBCBD416CDC8FFEFC67C046" deprecated="false"/>
    <element shortname="0.5 mm" name="6" description="0.5 mm" validFrom="1900-01-01T00:00:00.000+01:00" validTo="7777-01-01T00:00:00.000+01:00" id="7472CC22A4B6A2C2F953F0E3ED3CDD54" deprecated="false"/>
    <element shortname="2 mm" name="Q" description="2 mm" validFrom="1900-01-01T00:00:00.000+01:00" validTo="7777-01-01T00:00:00.000+01:00" id="2E2196B3002016EB207BC4FCE824C6EC" deprecated="false"/>
    <element shortname="3 mm" name="R" description="3 mm" validFrom="1900-01-01T00:00:00.000+01:00" validTo="7777-01-01T00:00:00.000+01:00" id="246EB842718C12FB56C1D2F758E5AB1F" deprecated="false"/>
    <element shortname="2 cm" name="S" description="2 cm" validFrom="1900-01-01T00:00:00.000+01:00" validTo="7777-01-01T00:00:00.000+01:00" id="4A9518974B999CC1CDAB602A691C9010" deprecated="false"/>
    <element shortname="10 cm" name="T" description="10 cm" validFrom="1900-01-01T00:00:00.000+01:00" validTo="7777-01-01T00:00:00.000+01:00" id="E2082F2AA1A24E6F0343B28998C5027C" deprecated="false"/>
    <element shortname="20 cm" name="U" description="20 cm" validFrom="1900-01-01T00:00:00.000+01:00" validTo="7777-01-01T00:00:00.000+01:00" id="72DE5511C8825A4BEB464F905FBD9D51" deprecated="false"/>
    <element shortname="0.1 mm" name="P" description="0.1 mm" validFrom="1900-01-01T00:00:00.000+01:00" validTo="7777-01-01T00:00:00.000+01:00" id="73697BA4F1C2C7CD321838A7B0F4A62E" deprecated="false"/>
</list>
