<?xml version="1.0" encoding="UTF-8" standalone="yes"?>
<list xmlns="http://www.imr.no/formats/nmdreference/v1" tableName="Modningsstadier for laks, aure og regnbueaure, hann" description="Modningsstadier for laks, aure og regnbueaure, hann" lookupName="BIO_MODNING_LAKS_AURE_HANN">
    <lastChanged>2013-02-06T00:00:00.000+01:00</lastChanged>
    <element shortname="Fyller hele bukhulen" name="5" description="Fyller nesten hele bukhulens lengde; vokst kraftig i bredde; hvit ugjennomsiktig farge" validFrom="2002-03-12T00:00:00.000+01:00" validTo="7777-01-01T00:00:00.000+01:00" id="5035F5229436F0BF4A6C9AF41F2F8E41" deprecated="false"/>
    <element shortname="&lt; 20% av bukhulen" name="1" description="Lengde &lt; 20% av bukhulens lengde; Knapt synlig utvidelse av kjønnsorganet; halvgjennomsiktig nesten blodfarget" validFrom="2002-03-12T00:00:00.000+01:00" validTo="7777-01-01T00:00:00.000+01:00" id="77789E4D8D0E24BDBAA8E23DC22A26FB" deprecated="false"/>
    <element shortname="25-30% av bukhulen" name="2" description="Størrelse 25 –30 % av bukhulens lengde; ugjennomsiktig nesten blodfarget i det utvidete området" validFrom="2002-03-12T00:00:00.000+01:00" validTo="7777-01-01T00:00:00.000+01:00" id="2CABEC2F6F1599333F1EB6925D05D5AB" deprecated="false"/>
    <element shortname="50% av bukhulen" name="3" description="Kj. organets lengde ca 50 % av bukhulens lengde, tydelig utvidet; hvitaktig farge." validFrom="2002-03-12T00:00:00.000+01:00" validTo="7777-01-01T00:00:00.000+01:00" id="4E22801733DFD8A3F258308416FA7318" deprecated="false"/>
    <element shortname="60-80% av bukhulen" name="4" description="Kj.organets lengde 60 – 80 % av bukhulens lengde; utvidet, hvitaktig ugjennomsiktig farge" validFrom="2002-03-12T00:00:00.000+01:00" validTo="7777-01-01T00:00:00.000+01:00" id="33A8F1E41F5311CBA49DE3D3B964B213" deprecated="false"/>
    <element shortname="Renner ut ved trykk" name="6" description="Fyller hele bukhulens lengde, renner ut av gattet ved lett trykk;" validFrom="2002-03-12T00:00:00.000+01:00" validTo="7777-01-01T00:00:00.000+01:00" id="A682E3CE77F6D62A8664536C7FBC5D58" deprecated="false"/>
    <element shortname="Utgytt" name="7" description="Noe utvidet ”frynsete” kjønnsorgan som strekker seg inntil 50% av bukhulens lengde, hvitaktig ugjennomsiktig ofte litt blodutredelser rundt i hinnen." validFrom="2002-03-12T00:00:00.000+01:00" validTo="7777-01-01T00:00:00.000+01:00" id="60D915D1E46E554A3FACEDB4516FC3DB" deprecated="false"/>
</list>
