<?xml version="1.0" encoding="UTF-8" standalone="yes"?>
<list xmlns="http://www.imr.no/formats/nmdreference/v1" tableName="KOPEPODITT" description="KOPEPODITT" lookupName="BIO_KOPEPODITT">
    <lastChanged>2011-11-24T00:00:00.000+01:00</lastChanged>
    <element shortname="C I" name="1" description="C I(1. kopepodittstadium)" validFrom="1900-01-01T00:00:00.000+01:00" validTo="7777-01-01T00:00:00.000+01:00" id="40FCC91251B4346B57B78516BC5D4021" deprecated="false"/>
    <element shortname="C II" name="2" description="C II(2. kopepodittstadium)" validFrom="1900-01-01T00:00:00.000+01:00" validTo="7777-01-01T00:00:00.000+01:00" id="66472F6D767E8C81624A9060764B171D" deprecated="false"/>
    <element shortname="C III" name="3" description="C III(3. kopepodittstadium)" validFrom="1900-01-01T00:00:00.000+01:00" validTo="7777-01-01T00:00:00.000+01:00" id="A8F793AE822CD3928F585CD08537FC9B" deprecated="false"/>
    <element shortname="C IV" name="4" description="C IV(4. kopepodittstadium)" validFrom="1900-01-01T00:00:00.000+01:00" validTo="7777-01-01T00:00:00.000+01:00" id="C5CECCDF49982C2278DBAAA1B6138E08" deprecated="false"/>
    <element shortname="C V" name="5" description="C V(5. kopepodittstadium)" validFrom="1900-01-01T00:00:00.000+01:00" validTo="7777-01-01T00:00:00.000+01:00" id="9D347B839F720D5B1995E1936D04EBE7" deprecated="false"/>
    <element shortname="C VI, kjønn ikke bestemt" name="6" description="C VI(adulte, kjønn ikke bestemt)" validFrom="1900-01-01T00:00:00.000+01:00" validTo="7777-01-01T00:00:00.000+01:00" id="537F4C8B4B68E7F0E9BE7C6C8EFC22B8" deprecated="false"/>
    <element shortname="C VI hunner" name="7" description="C VI hunner" validFrom="1900-01-01T00:00:00.000+01:00" validTo="7777-01-01T00:00:00.000+01:00" id="D24033916B766F1925A85D1715CD14E6" deprecated="false"/>
    <element shortname="C VI hanner" name="8" description="C VI hanner" validFrom="1900-01-01T00:00:00.000+01:00" validTo="7777-01-01T00:00:00.000+01:00" id="7CAF932DC70DA17198A17D6A2820A922" deprecated="false"/>
    <element shortname="CI-CIII" name="9" description="CI-CIII(kopepodittstadium 1-3)" validFrom="1900-01-01T00:00:00.000+01:00" validTo="7777-01-01T00:00:00.000+01:00" id="A9CB39B792CBDCE8120C9916639B979B" deprecated="false"/>
    <element shortname="CIV-CVI" name="10" description="CIV-CVI(kopepodittstadium 4-6, hvor 10 6 angir adulte kopepoder)" validFrom="1900-01-01T00:00:00.000+01:00" validTo="7777-01-01T00:00:00.000+01:00" id="A6108EE24540280225F8706AA0EAB5E4" deprecated="false"/>
</list>
