<?xml version="1.0" encoding="UTF-8" standalone="yes"?>
<list xmlns="http://www.imr.no/formats/nmdreference/v1" tableName="Modningsstadier for laks, aure og regnbueaure, hunn" description="Modningsstadier for laks, aure og regnbueaure, hunn" lookupName="BIO_MODNING_LAKS_AURE_HUNN">
    <lastChanged>2013-02-06T00:00:00.000+01:00</lastChanged>
    <element shortname="50% av bukhulen" name="3" description="Kj. organets lengde ca 50 % av bukhulens lengde, tydelig utvidet, tydelige rogn ; oransje ugjennomsiktig farge." validFrom="2002-03-12T00:00:00.000+01:00" validTo="7777-01-01T00:00:00.000+01:00" id="01350541087803210855043402080422" deprecated="false"/>
    <element shortname="Fyller hele bukhulen" name="5" description="Fyller hele bukhulens lengde; godt utviklet rogn, kraftig oransje farge nesten gjennomsiktige rogn" validFrom="2002-03-12T00:00:00.000+01:00" validTo="7777-01-01T00:00:00.000+01:00" id="08040816074101500995045801500170" deprecated="false"/>
    <element shortname="Utgytt" name="7" description="Kan delvis ligne stadium 2, men har vanligvis innskrumpede løse rognkorn i buken rundt kjønnsorganet" validFrom="2002-03-12T00:00:00.000+01:00" validTo="7777-01-01T00:00:00.000+01:00" id="02290456071200850890092005070098" deprecated="false"/>
    <element shortname="&lt; 20% av bukhulen" name="1" description="lengde &lt; 20% av bukhulens lengde; Usynlige eller knapt synlige rogn; lyseguloransje farge" validFrom="2002-03-12T00:00:00.000+01:00" validTo="7777-01-01T00:00:00.000+01:00" id="05450003095304890346017907161000" deprecated="false"/>
    <element shortname="25-30% av bukhulen" name="2" description="lengde 25 –30 % av bukhulens lengde; Synlige små rogn; guloransje farge" validFrom="2002-03-12T00:00:00.000+01:00" validTo="7777-01-01T00:00:00.000+01:00" id="01750323084402320067026302870730" deprecated="false"/>
    <element shortname="60-80% av bukhulen" name="4" description="Kj.organets lengde 60 – 80 % av bukhulens lengde; utvidet, tydelig rogn, kraftig men ugjennomsiktig oransje farge" validFrom="2002-03-12T00:00:00.000+01:00" validTo="7777-01-01T00:00:00.000+01:00" id="02080992003209060707080108630252" deprecated="false"/>
    <element shortname="Renner ut ved trykk" name="6" description="Fyller hele bukhulens lengde, renner ut av gattet ved lett trykk;" validFrom="2002-03-12T00:00:00.000+01:00" validTo="7777-01-01T00:00:00.000+01:00" id="07810994040208480256068905780391" deprecated="false"/>
</list>
