<?xml version="1.0" encoding="UTF-8" standalone="yes"?>
<list xmlns="http://www.imr.no/formats/nmdreference/v1" tableName="UTVIKLINGSTRINN" description="UTVIKLINGSTRINN" lookupName="BIO_UTVIKLINGSTRINN">
    <lastChanged>2011-11-24T00:00:00.000+01:00</lastChanged>
    <element shortname="Blekksprut nebb" name="1" description="Blekksprut nebb" validFrom="1900-01-01T00:00:00.000+01:00" validTo="7777-01-01T00:00:00.000+01:00" id="919FC31D41FAB48B248A827DD0956370" deprecated="false"/>
    <element shortname="Calyptopis" name="A" description="Calyptopis" validFrom="1900-01-01T00:00:00.000+01:00" validTo="7777-01-01T00:00:00.000+01:00" id="22AA0EDECCF00E9984729FA4577B96C0" deprecated="false"/>
    <element shortname="Cypris" name="B" description="Cypris" validFrom="1900-01-01T00:00:00.000+01:00" validTo="7777-01-01T00:00:00.000+01:00" id="BDADFBF0F85F16EEE1806EE552FB75E8" deprecated="false"/>
    <element shortname="Kopepoditt" name="C" description="Kopepoditt" validFrom="1900-01-01T00:00:00.000+01:00" validTo="7777-01-01T00:00:00.000+01:00" id="DE806791632AAEAAEF484255B2A7F452" deprecated="false"/>
    <element shortname="Zoea" name="D" description="Zoea" validFrom="1900-01-01T00:00:00.000+01:00" validTo="7777-01-01T00:00:00.000+01:00" id="69270DEA3B5DB5A29A556FA9CA349B76" deprecated="false"/>
    <element shortname="Egg" name="E" description="Egg" validFrom="1900-01-01T00:00:00.000+01:00" validTo="7777-01-01T00:00:00.000+01:00" id="914893FC6FE2DC2507FB564AEFD0879E" deprecated="false"/>
    <element shortname="Furcilia" name="F" description="Furcilia" validFrom="1900-01-01T00:00:00.000+01:00" validTo="7777-01-01T00:00:00.000+01:00" id="C410D32641A5E3ABD580A7CC737A308A" deprecated="false"/>
    <element shortname="Larve" name="L" description="Larve" validFrom="1900-01-01T00:00:00.000+01:00" validTo="7777-01-01T00:00:00.000+01:00" id="22156D6A6C925E447A26037651BB0BA1" deprecated="false"/>
    <element shortname="Megalopa" name="M" description="Megalopa" validFrom="1900-01-01T00:00:00.000+01:00" validTo="7777-01-01T00:00:00.000+01:00" id="465D3746B42DAD9DB652AA0EF02234DE" deprecated="false"/>
    <element shortname="Naupilus" name="N" description="Naupilus" validFrom="1900-01-01T00:00:00.000+01:00" validTo="7777-01-01T00:00:00.000+01:00" id="3D5FC01B0CC1550BF0C63E6BBDAB5C71" deprecated="false"/>
    <element shortname="Otolitt" name="O" description="Otolitt" validFrom="1900-01-01T00:00:00.000+01:00" validTo="7777-01-01T00:00:00.000+01:00" id="83E1C0D31C84DD6A801E6FBF758B5E74" deprecated="false"/>
</list>
