<?xml version="1.0" encoding="UTF-8" standalone="yes"?>
<list xmlns="http://www.imr.no/formats/nmdreference/v1" tableName="Fangst mål" description="Angir hvilken vektenhet som er brukt" lookupName="Fangst mål">
    <lastChanged>2015-05-27T00:00:00.000+02:00</lastChanged>
    <element shortname="Ikke observert" name="" description="Ikke observert vekt eller volum" validFrom="1900-01-01T00:00:00.000+01:00" validTo="7777-01-01T00:00:00.000+01:00" id="2D25410F54D0835F30287A8812DA7642" deprecated="false"/>
    <element shortname="Rund vekt" name="1" description="Rund vekt" validFrom="1900-01-01T00:00:00.000+01:00" validTo="7777-01-01T00:00:00.000+01:00" id="DFEC7412A64271D5BB18CA877B6F933B" deprecated="false"/>
    <element shortname="Sløyd uten hode" name="3" description="Sløyd uten hode" validFrom="1900-01-01T00:00:00.000+01:00" validTo="7777-01-01T00:00:00.000+01:00" id="197FA3F57C01C112BE9A2E291DC07272" deprecated="false"/>
    <element shortname="Sløyd med hode" name="4" description="Sløyd med hode" validFrom="1900-01-01T00:00:00.000+01:00" validTo="7777-01-01T00:00:00.000+01:00" id="4564B379EA60CCE23A16426841D3BC64" deprecated="false"/>
    <element shortname="Rund vekt i tonn" name="5(I)" description="Rund vekt i tonn (INVALID)" validFrom="1900-01-01T00:00:00.000+01:00" validTo="1900-01-01T00:00:00.000+01:00" id="D6983083CCDF91D7CC70A238A49807B9" deprecated="false"/>
    <element shortname="Rund vekt i tonn, antall i 1000" name="6(I)" description="Rund vekt i tonn, antall i 1000 (INVALID)" validFrom="1900-01-01T00:00:00.000+01:00" validTo="1900-01-01T00:00:00.000+01:00" id="DE5FC5BCDBF0B460E3DB7E8A7648D302" deprecated="false"/>
    <element shortname="Sløyd uten hode, i tonn" name="7(I)" description="Sløyd uten hode, i tonn (INVALID)" validFrom="1900-01-01T00:00:00.000+01:00" validTo="1900-01-01T00:00:00.000+01:00" id="85754060B369BD9C3901AB31F98B98C7" deprecated="false"/>
    <element shortname="Sløyd med hode, i tonn" name="8(I)" description="Sløyd med hode, i tonn (INVALID)" validFrom="1900-01-01T00:00:00.000+01:00" validTo="1900-01-01T00:00:00.000+01:00" id="493ED6ED8AF755377CAE727FDBD72189" deprecated="false"/>
    <element shortname="Rund vekt i gram" name="9(I)" description="Rund vekt i gram (INVALID)" validFrom="1900-01-01T00:00:00.000+01:00" validTo="1900-01-01T00:00:00.000+01:00" id="33983EC22796B71CD78108A0C7DB7361" deprecated="false"/>
    <element shortname="Sløyd japankutt" name="5" description="Japankutt" validFrom="1900-01-01T00:00:00.000+01:00" validTo="7777-01-01T00:00:00.000+01:00" id="9f27d84b7fa947879043cd5905c41b60" deprecated="false"/>
    <element shortname="Volum" name="2(I)" description="Volum" validFrom="1900-01-01T00:00:00.000+01:00" validTo="1900-01-01T00:00:00.000+01:00" id="B5F1E4A53198536D73DAF976F3F03B4D" deprecated="false"/>
</list>
