<?xml version="1.0" encoding="UTF-8" standalone="yes"?>
<list xmlns="http://www.imr.no/formats/nmdreference/v1" tableName="FishingGround" description="Fishing ground for Monotoring service" lookupName="FISHING_GROUND">
    <lastChanged>2015-05-06T00:00:00.000+02:00</lastChanged>
    <element shortname="13° nordvest av Hinnlopen" name="10" description="13° nordvest av Hinnlopen" validFrom="1900-01-01T00:00:00.000+01:00" validTo="7777-01-01T00:00:00.000+01:00" id="EDF10F26E844F9312E5252AED3831194" deprecated="false"/>
    <element shortname="81° kanten nordøst fra Hinnlopen" name="20" description="81° kanten nordøst fra Hinnlopen" validFrom="1900-01-01T00:00:00.000+01:00" validTo="7777-01-01T00:00:00.000+01:00" id="C2ED993BAEEA7D5160316E2331C2CFA1" deprecated="false"/>
    <element shortname="Aktivneset" name="30" description="Aktivneset" validFrom="1900-01-01T00:00:00.000+01:00" validTo="7777-01-01T00:00:00.000+01:00" id="9F73AAF1300828FE3F237CD996BAA749" deprecated="false"/>
    <element shortname="Bananen" name="40" description="Bananen" validFrom="1900-01-01T00:00:00.000+01:00" validTo="7777-01-01T00:00:00.000+01:00" id="BB82E9D728535F0868592538CEA07B69" deprecated="false"/>
    <element shortname="Bellsundbanken" name="50" description="Bellsundbanken" validFrom="1900-01-01T00:00:00.000+01:00" validTo="7777-01-01T00:00:00.000+01:00" id="7DA6D281D0DA666CCE05BDA267EF7E58" deprecated="false"/>
    <element shortname="Brattegga" name="60" description="Brattegga" validFrom="1900-01-01T00:00:00.000+01:00" validTo="7777-01-01T00:00:00.000+01:00" id="23E7962A825517FB7F4F16E1C10D6197" deprecated="false"/>
    <element shortname="Breidjupet" name="70" description="Breidjupet" validFrom="1900-01-01T00:00:00.000+01:00" validTo="7777-01-01T00:00:00.000+01:00" id="E1A5E0E3A3411941544979EE44263EB7" deprecated="false"/>
    <element shortname="Breivikfjorden" name="80" description="Breivikfjorden" validFrom="1900-01-01T00:00:00.000+01:00" validTo="7777-01-01T00:00:00.000+01:00" id="D6E2BC0A25808EF1ACB464215A4EAF79" deprecated="false"/>
    <element shortname="Buagrunnen" name="90" description="Buagrunnen" validFrom="1900-01-01T00:00:00.000+01:00" validTo="7777-01-01T00:00:00.000+01:00" id="96E2932AD61EE528FA61C9B13901A27D" deprecated="false"/>
    <element shortname="Djupta" name="100" description="Djupta" validFrom="1900-01-01T00:00:00.000+01:00" validTo="7777-01-01T00:00:00.000+01:00" id="F06829578927D604CAD54E94CD0BFD3E" deprecated="false"/>
    <element shortname="Domen" name="110" description="Domen" validFrom="1900-01-01T00:00:00.000+01:00" validTo="7777-01-01T00:00:00.000+01:00" id="A3AE3547B90BE0D0E3F3DB16FE9A2670" deprecated="false"/>
    <element shortname="Egersundbanken" name="120" description="Egersundbanken" validFrom="1900-01-01T00:00:00.000+01:00" validTo="7777-01-01T00:00:00.000+01:00" id="31F3CF4C67740A0F967BE1C6B823369D" deprecated="false"/>
    <element shortname="Eggbukta" name="130" description="Eggbukta" validFrom="1900-01-01T00:00:00.000+01:00" validTo="7777-01-01T00:00:00.000+01:00" id="205C8E19A148F27E7028B3D5B75831F2" deprecated="false"/>
    <element shortname="Fingerdypet" name="140" description="Fingerdypet" validFrom="1900-01-01T00:00:00.000+01:00" validTo="7777-01-01T00:00:00.000+01:00" id="FCF1A86491C26D881B74B59D2222FE81" deprecated="false"/>
    <element shortname="Fladen" name="150" description="Fladen" validFrom="1900-01-01T00:00:00.000+01:00" validTo="7777-01-01T00:00:00.000+01:00" id="61F049CEF249EF4011DBE08BEFA7B6DF" deprecated="false"/>
    <element shortname="Forlandssundet" name="160" description="Forlandssundet" validFrom="1900-01-01T00:00:00.000+01:00" validTo="7777-01-01T00:00:00.000+01:00" id="FA733F32FC5098BF58AB526D4CBAA1E3" deprecated="false"/>
    <element shortname="Fruholmen" name="170" description="Fruholmen" validFrom="1900-01-01T00:00:00.000+01:00" validTo="7777-01-01T00:00:00.000+01:00" id="659048949A49DEE9505E4D2F5DB78F60" deprecated="false"/>
    <element shortname="Fuggelen" name="180" description="Fuggelen" validFrom="1900-01-01T00:00:00.000+01:00" validTo="7777-01-01T00:00:00.000+01:00" id="1E68FA17E0C6C0914C9AEC7D5733C702" deprecated="false"/>
    <element shortname="Fugløybanken" name="190" description="Fugløybanken" validFrom="1900-01-01T00:00:00.000+01:00" validTo="7777-01-01T00:00:00.000+01:00" id="82CE9863C0E95F7763A7D15287E92A78" deprecated="false"/>
    <element shortname="Gamlembanken" name="200" description="Gamlembanken" validFrom="1900-01-01T00:00:00.000+01:00" validTo="7777-01-01T00:00:00.000+01:00" id="3818FA2B2A5B2BE20B5EB79CBA86BE2A" deprecated="false"/>
    <element shortname="Gardarbanken" name="210" description="Gardarbanken" validFrom="1900-01-01T00:00:00.000+01:00" validTo="7777-01-01T00:00:00.000+01:00" id="22514D91DBCDAA85E04AA810263796D3" deprecated="false"/>
    <element shortname="Gardsholbanken" name="220" description="Gardsholbanken" validFrom="1900-01-01T00:00:00.000+01:00" validTo="7777-01-01T00:00:00.000+01:00" id="BCE4EFF94A85E5109F8ACAB31C90764E" deprecated="false"/>
    <element shortname="Gnausen" name="230" description="Gnausen" validFrom="1900-01-01T00:00:00.000+01:00" validTo="7777-01-01T00:00:00.000+01:00" id="9127A24AE1188195E748E1C197112863" deprecated="false"/>
    <element shortname="Greve" name="240" description="Greve" validFrom="1900-01-01T00:00:00.000+01:00" validTo="7777-01-01T00:00:00.000+01:00" id="DEB8771D41D46B9C1E82D53D1467CE9E" deprecated="false"/>
    <element shortname="Hakket" name="250" description="Hakket" validFrom="1900-01-01T00:00:00.000+01:00" validTo="7777-01-01T00:00:00.000+01:00" id="B0A6E8C260EB922149569B06EED1EE9F" deprecated="false"/>
    <element shortname="Haltenbanken" name="260" description="Haltenbanken" validFrom="1900-01-01T00:00:00.000+01:00" validTo="7777-01-01T00:00:00.000+01:00" id="84C2908161267EB1884D7F500A639E22" deprecated="false"/>
    <element shortname="Hamningberg" name="270" description="Hamningberg" validFrom="1900-01-01T00:00:00.000+01:00" validTo="7777-01-01T00:00:00.000+01:00" id="033E716BC243FA88C4EDDFAEFA409F4F" deprecated="false"/>
    <element shortname="Hellnes" name="280" description="Hellnes" validFrom="1900-01-01T00:00:00.000+01:00" validTo="7777-01-01T00:00:00.000+01:00" id="B35C6E4067AA878FCF8212EA39D9C820" deprecated="false"/>
    <element shortname="Hestskoen" name="290" description="Hestskoen" validFrom="1900-01-01T00:00:00.000+01:00" validTo="7777-01-01T00:00:00.000+01:00" id="8CDECBAD51C40FBD69EA1ABB47B7981A" deprecated="false"/>
    <element shortname="Hinnlopen" name="300" description="Hinnlopen" validFrom="1900-01-01T00:00:00.000+01:00" validTo="7777-01-01T00:00:00.000+01:00" id="2879D0CA8F4080231C491EB5A03A9508" deprecated="false"/>
    <element shortname="Hjelmsøybanken" name="310" description="Hjelmsøybanken" validFrom="1900-01-01T00:00:00.000+01:00" validTo="7777-01-01T00:00:00.000+01:00" id="ECE5945C6344E0BADA7D79F7BBC4E075" deprecated="false"/>
    <element shortname="Hopenbanken" name="320" description="Hopenbanken" validFrom="1900-01-01T00:00:00.000+01:00" validTo="7777-01-01T00:00:00.000+01:00" id="0FBFEAFC5A79FDA93E18D64E39450789" deprecated="false"/>
    <element shortname="Hopendjupet" name="330" description="Hopendjupet" validFrom="1900-01-01T00:00:00.000+01:00" validTo="7777-01-01T00:00:00.000+01:00" id="4AC851AEBFD2D4116813229AECCE9F05" deprecated="false"/>
    <element shortname="Hornsundbanken" name="340" description="Hornsundbanken" validFrom="1900-01-01T00:00:00.000+01:00" validTo="7777-01-01T00:00:00.000+01:00" id="2DED34C6301812DEDAA93F1561CBC366" deprecated="false"/>
    <element shortname="Indre seigrunn" name="350" description="Indre seigrunn" validFrom="1900-01-01T00:00:00.000+01:00" validTo="7777-01-01T00:00:00.000+01:00" id="46DDE562720C8307612C2B4E52D49131" deprecated="false"/>
    <element shortname="Isfjorden" name="360" description="Isfjorden" validFrom="1900-01-01T00:00:00.000+01:00" validTo="7777-01-01T00:00:00.000+01:00" id="77761636106B84F7DB253749E6469AAE" deprecated="false"/>
    <element shortname="Iverryggen" name="370" description="Iverryggen" validFrom="1900-01-01T00:00:00.000+01:00" validTo="7777-01-01T00:00:00.000+01:00" id="BB781E979C6333B934A583CF349DDA96" deprecated="false"/>
    <element shortname="Jakobselv" name="380" description="Jakobselv" validFrom="1900-01-01T00:00:00.000+01:00" validTo="7777-01-01T00:00:00.000+01:00" id="91AE081E4C8261B01DE6E719E270F67F" deprecated="false"/>
    <element shortname="Jennegga" name="390" description="Jennegga" validFrom="1900-01-01T00:00:00.000+01:00" validTo="7777-01-01T00:00:00.000+01:00" id="852BEC18DB996F26C4248A0D8FE0DB37" deprecated="false"/>
    <element shortname="Kamøyfjorden" name="400" description="Kamøyfjorden" validFrom="1900-01-01T00:00:00.000+01:00" validTo="7777-01-01T00:00:00.000+01:00" id="C91D781859030CAC0B33D81A8F491248" deprecated="false"/>
    <element shortname="Kappa" name="410" description="Kappa" validFrom="1900-01-01T00:00:00.000+01:00" validTo="7777-01-01T00:00:00.000+01:00" id="B30129283EA5F261A48D93D6BEC45F05" deprecated="false"/>
    <element shortname="Kjellsnæringen" name="420" description="Kjellsnæringen" validFrom="1900-01-01T00:00:00.000+01:00" validTo="7777-01-01T00:00:00.000+01:00" id="136DA79EBA3F52FD71581CF247A8655C" deprecated="false"/>
    <element shortname="Kjøllnesbakken" name="430" description="Kjøllnesbakken" validFrom="1900-01-01T00:00:00.000+01:00" validTo="7777-01-01T00:00:00.000+01:00" id="69F16EA4AB30AD1C71784DA2C38A1A9B" deprecated="false"/>
    <element shortname="Kjøllnesbakken" name="440" description="Kjøllnesbakken" validFrom="1900-01-01T00:00:00.000+01:00" validTo="7777-01-01T00:00:00.000+01:00" id="CD21F8DD7A706CD7C8CE9E2725255065" deprecated="false"/>
    <element shortname="Klakken" name="450" description="Klakken" validFrom="1900-01-01T00:00:00.000+01:00" validTo="7777-01-01T00:00:00.000+01:00" id="5F16C5334A773933B17FA74B9805CAFE" deprecated="false"/>
    <element shortname="Klondyke" name="460" description="Klondyke" validFrom="1900-01-01T00:00:00.000+01:00" validTo="7777-01-01T00:00:00.000+01:00" id="23B0FCB7B3FA5F2577105E61013DE892" deprecated="false"/>
    <element shortname="Knollen" name="470" description="Knollen" validFrom="1900-01-01T00:00:00.000+01:00" validTo="7777-01-01T00:00:00.000+01:00" id="80732AEBEDA91D22E322DE0F7CDB83E8" deprecated="false"/>
    <element shortname="Kongsfjorden" name="480" description="Kongsfjorden" validFrom="1900-01-01T00:00:00.000+01:00" validTo="7777-01-01T00:00:00.000+01:00" id="AA4345EE05EE398C1E3FE38CBC5C1FD8" deprecated="false"/>
    <element shortname="Kongsfjorden" name="490" description="Kongsfjorden" validFrom="1900-01-01T00:00:00.000+01:00" validTo="7777-01-01T00:00:00.000+01:00" id="A3CAD42E6E424A78DE6607FCD308496F" deprecated="false"/>
    <element shortname="Koralneset" name="500" description="Koralneset" validFrom="1900-01-01T00:00:00.000+01:00" validTo="7777-01-01T00:00:00.000+01:00" id="61401F4A7733EE06E30CAAD678590CBA" deprecated="false"/>
    <element shortname="Korsnes" name="510" description="Korsnes" validFrom="1900-01-01T00:00:00.000+01:00" validTo="7777-01-01T00:00:00.000+01:00" id="F6D1A96817863AAC785F3E552AE62B22" deprecated="false"/>
    <element shortname="Krossfjorden" name="520" description="Krossfjorden" validFrom="1900-01-01T00:00:00.000+01:00" validTo="7777-01-01T00:00:00.000+01:00" id="CC91104D5165D9B997B72092882247F0" deprecated="false"/>
    <element shortname="Kvalnesdjupet" name="530" description="Kvalnesdjupet" validFrom="1900-01-01T00:00:00.000+01:00" validTo="7777-01-01T00:00:00.000+01:00" id="41F0FEE6C0D791D47189329DA76C95F2" deprecated="false"/>
    <element shortname="Kvastindegga" name="540" description="Kvastindegga" validFrom="1900-01-01T00:00:00.000+01:00" validTo="7777-01-01T00:00:00.000+01:00" id="A6CED0F1F60ED48554CBA02C086110C8" deprecated="false"/>
    <element shortname="Kveithola" name="550" description="Kveithola" validFrom="1900-01-01T00:00:00.000+01:00" validTo="7777-01-01T00:00:00.000+01:00" id="F5257B872687BA190076E7B19E7FB722" deprecated="false"/>
    <element shortname="Kvitøyfeltet" name="560" description="Kvitøyfeltet" validFrom="1900-01-01T00:00:00.000+01:00" validTo="7777-01-01T00:00:00.000+01:00" id="FBEB1AC3744DC85CB70414A8E6803FDD" deprecated="false"/>
    <element shortname="Langnesegga" name="570" description="Langnesegga" validFrom="1900-01-01T00:00:00.000+01:00" validTo="7777-01-01T00:00:00.000+01:00" id="C382C57615F1920AD30C82A2EFE84044" deprecated="false"/>
    <element shortname="Langrynna" name="580" description="Langrynna" validFrom="1900-01-01T00:00:00.000+01:00" validTo="7777-01-01T00:00:00.000+01:00" id="F4667923AB75372701D1B42545720D54" deprecated="false"/>
    <element shortname="Langvagrunnen" name="590" description="Langvagrunnen" validFrom="1900-01-01T00:00:00.000+01:00" validTo="7777-01-01T00:00:00.000+01:00" id="B9ED8D3E5EB17DB179EBFD802AC27CE5" deprecated="false"/>
    <element shortname="Lausklubben" name="600" description="Lausklubben" validFrom="1900-01-01T00:00:00.000+01:00" validTo="7777-01-01T00:00:00.000+01:00" id="F57D0251D7DDFD88E3B001B3F1163B8E" deprecated="false"/>
    <element shortname="Leirdypet" name="610" description="Leirdypet" validFrom="1900-01-01T00:00:00.000+01:00" validTo="7777-01-01T00:00:00.000+01:00" id="5CE43FEA322A74EA7D36C2F3FD6C5D88" deprecated="false"/>
    <element shortname="Liksnaget" name="620" description="Liksnaget" validFrom="1900-01-01T00:00:00.000+01:00" validTo="7777-01-01T00:00:00.000+01:00" id="08E1CA918BEFA7DAB0C398D8A0F3710E" deprecated="false"/>
    <element shortname="Makkaur" name="630" description="Makkaur" validFrom="1900-01-01T00:00:00.000+01:00" validTo="7777-01-01T00:00:00.000+01:00" id="95CC162E83E9FFB719083E5524EBBF70" deprecated="false"/>
    <element shortname="Mallangsgrunnen" name="640" description="Mallangsgrunnen" validFrom="1900-01-01T00:00:00.000+01:00" validTo="7777-01-01T00:00:00.000+01:00" id="5F8CEE9A879A49D59CC6A7747CD8BDAC" deprecated="false"/>
    <element shortname="Masiryggen" name="650" description="Masiryggen" validFrom="1900-01-01T00:00:00.000+01:00" validTo="7777-01-01T00:00:00.000+01:00" id="B6EC44F77668A71F75B22FDD7AC4CE1B" deprecated="false"/>
    <element shortname="Mefjordgrunnen" name="660" description="Mefjordgrunnen" validFrom="1900-01-01T00:00:00.000+01:00" validTo="7777-01-01T00:00:00.000+01:00" id="A862EC72FE6356DE8A07B9713D10811A" deprecated="false"/>
    <element shortname="Mehamnfjorden" name="670" description="Mehamnfjorden" validFrom="1900-01-01T00:00:00.000+01:00" validTo="7777-01-01T00:00:00.000+01:00" id="A0C85D5E3ACF63EC22310C7089BFC025" deprecated="false"/>
    <element shortname="Mehamnleira" name="680" description="Mehamnleira" validFrom="1900-01-01T00:00:00.000+01:00" validTo="7777-01-01T00:00:00.000+01:00" id="9BC7451404E3EE5C6C1116FE25600127" deprecated="false"/>
    <element shortname="Minkebakken" name="690" description="Minkebakken" validFrom="1900-01-01T00:00:00.000+01:00" validTo="7777-01-01T00:00:00.000+01:00" id="2911C8B6EF4EF6EC02977CC50080EF1B" deprecated="false"/>
    <element shortname="Moan" name="700" description="Moan" validFrom="1900-01-01T00:00:00.000+01:00" validTo="7777-01-01T00:00:00.000+01:00" id="8011A9AB1F7267FF136FAE3C06A6985D" deprecated="false"/>
    <element shortname="Moen" name="710" description="Moen" validFrom="1900-01-01T00:00:00.000+01:00" validTo="7777-01-01T00:00:00.000+01:00" id="1E6DC93FE651C2F0DAF042A65A1D4AA4" deprecated="false"/>
    <element shortname="Nordbanken" name="720" description="Nordbanken" validFrom="1900-01-01T00:00:00.000+01:00" validTo="7777-01-01T00:00:00.000+01:00" id="EACB64AE8B0E045334815F4E921E9C33" deprecated="false"/>
    <element shortname="Nordfargrunnen" name="730" description="Nordfargrunnen" validFrom="1900-01-01T00:00:00.000+01:00" validTo="7777-01-01T00:00:00.000+01:00" id="C975899E40133604A51DB1C82443B541" deprecated="false"/>
    <element shortname="Nordflaket" name="740" description="Nordflaket" validFrom="1900-01-01T00:00:00.000+01:00" validTo="7777-01-01T00:00:00.000+01:00" id="86386C08556A7746C294D35052C4AA5C" deprecated="false"/>
    <element shortname="Nordkappbanken" name="750" description="Nordkappbanken" validFrom="1900-01-01T00:00:00.000+01:00" validTo="7777-01-01T00:00:00.000+01:00" id="95A25E324E596DA9D9675D78CCB89339" deprecated="false"/>
    <element shortname="Nordtåga" name="760" description="Nordtåga" validFrom="1900-01-01T00:00:00.000+01:00" validTo="7777-01-01T00:00:00.000+01:00" id="A7E638EC690523894D3963F5F3967FB0" deprecated="false"/>
    <element shortname="Nordvestsnaget" name="770" description="Nordvestsnaget" validFrom="1900-01-01T00:00:00.000+01:00" validTo="7777-01-01T00:00:00.000+01:00" id="B0F3B3A2AB2876F2E566787062E6C41C" deprecated="false"/>
    <element shortname="Nordøstsnaget" name="780" description="Nordøstsnaget" validFrom="1900-01-01T00:00:00.000+01:00" validTo="7777-01-01T00:00:00.000+01:00" id="9FE81FC278075DC49528C2DD7F6D4113" deprecated="false"/>
    <element shortname="Nygrunnen" name="790" description="Nygrunnen" validFrom="1900-01-01T00:00:00.000+01:00" validTo="7777-01-01T00:00:00.000+01:00" id="9CD8181BE221C0DF33CDADD5CF777C5C" deprecated="false"/>
    <element shortname="Nysleppen" name="800" description="Nysleppen" validFrom="1900-01-01T00:00:00.000+01:00" validTo="7777-01-01T00:00:00.000+01:00" id="6F8344AEE3D2A92B22010DA9DD36267E" deprecated="false"/>
    <element shortname="Omgangsryggen" name="810" description="Omgangsryggen" validFrom="1900-01-01T00:00:00.000+01:00" validTo="7777-01-01T00:00:00.000+01:00" id="578ACB46BFF9C8F5511BF85F2F5D5027" deprecated="false"/>
    <element shortname="Onagrunnen" name="820" description="Onagrunnen" validFrom="1900-01-01T00:00:00.000+01:00" validTo="7777-01-01T00:00:00.000+01:00" id="7A19177D1E1787990C7E70C0611F5A16" deprecated="false"/>
    <element shortname="Opnan" name="830" description="Opnan" validFrom="1900-01-01T00:00:00.000+01:00" validTo="7777-01-01T00:00:00.000+01:00" id="977132DF36AAD677444313B3BF182C62" deprecated="false"/>
    <element shortname="Patchbanken " name="840" description="Patchbanken " validFrom="1900-01-01T00:00:00.000+01:00" validTo="7777-01-01T00:00:00.000+01:00" id="384A2FDCD26E7381247E9BF1A561C29C" deprecated="false"/>
    <element shortname="Persfjorden" name="850" description="Persfjorden" validFrom="1900-01-01T00:00:00.000+01:00" validTo="7777-01-01T00:00:00.000+01:00" id="234D3AFC7FE84A18A1460EAFB0D03F91" deprecated="false"/>
    <element shortname="Reian" name="860" description="Reian" validFrom="1900-01-01T00:00:00.000+01:00" validTo="7777-01-01T00:00:00.000+01:00" id="19A02DB5125E3D9CCED1B7F48217C491" deprecated="false"/>
    <element shortname="Rekesøyla" name="870" description="Rekesøyla" validFrom="1900-01-01T00:00:00.000+01:00" validTo="7777-01-01T00:00:00.000+01:00" id="E8F80660935F616423E3C522E1C524C8" deprecated="false"/>
    <element shortname="Runningen" name="880" description="Runningen" validFrom="1900-01-01T00:00:00.000+01:00" validTo="7777-01-01T00:00:00.000+01:00" id="A35124C339BFDB6D670DFA1EEA7116F2" deprecated="false"/>
    <element shortname="Ryggen" name="890" description="Ryggen" validFrom="1900-01-01T00:00:00.000+01:00" validTo="7777-01-01T00:00:00.000+01:00" id="6122CC1DA4B95A6902ED85B4730070CE" deprecated="false"/>
    <element shortname="Røra" name="900" description="Røra" validFrom="1900-01-01T00:00:00.000+01:00" validTo="7777-01-01T00:00:00.000+01:00" id="F8443265BFE63EADB9F6EB56BB113C1C" deprecated="false"/>
    <element shortname="Røstbanken" name="910" description="Røstbanken" validFrom="1900-01-01T00:00:00.000+01:00" validTo="7777-01-01T00:00:00.000+01:00" id="C1E7DA1F4CFBF1F2782345D2F2194AA2" deprecated="false"/>
    <element shortname="Røsttunga" name="920" description="Røsttunga" validFrom="1900-01-01T00:00:00.000+01:00" validTo="7777-01-01T00:00:00.000+01:00" id="15503BE21FBBE4AB5199C8D2E297E0A2" deprecated="false"/>
    <element shortname="Råsa" name="930" description="Råsa" validFrom="1900-01-01T00:00:00.000+01:00" validTo="7777-01-01T00:00:00.000+01:00" id="59F4AA04EDD941E3D814E65D1AC0B8DA" deprecated="false"/>
    <element shortname="Salta" name="940" description="Salta" validFrom="1900-01-01T00:00:00.000+01:00" validTo="7777-01-01T00:00:00.000+01:00" id="4CF70F8F2604E8CCA1F94AA2BC982D39" deprecated="false"/>
    <element shortname="Sandfjorden" name="950" description="Sandfjorden" validFrom="1900-01-01T00:00:00.000+01:00" validTo="7777-01-01T00:00:00.000+01:00" id="694AC99A7C1A86E26484329447A6C1D5" deprecated="false"/>
    <element shortname="Skallbukta" name="960" description="Skallbukta" validFrom="1900-01-01T00:00:00.000+01:00" validTo="7777-01-01T00:00:00.000+01:00" id="E830EDD722A52670E7707728888D19B6" deprecated="false"/>
    <element shortname="Skallen" name="970" description="Skallen" validFrom="1900-01-01T00:00:00.000+01:00" validTo="7777-01-01T00:00:00.000+01:00" id="6EFA77828110444E71CABB2F921236B2" deprecated="false"/>
    <element shortname="Skikka" name="980" description="Skikka" validFrom="1900-01-01T00:00:00.000+01:00" validTo="7777-01-01T00:00:00.000+01:00" id="9677F084B63919EDAA0DF723F85F5123" deprecated="false"/>
    <element shortname="Sklinnabanken" name="990" description="Sklinnabanken" validFrom="1900-01-01T00:00:00.000+01:00" validTo="7777-01-01T00:00:00.000+01:00" id="D3EB9453CD016FF7B248316936702D52" deprecated="false"/>
    <element shortname="Skolpen" name="1000" description="Skolpen" validFrom="1900-01-01T00:00:00.000+01:00" validTo="7777-01-01T00:00:00.000+01:00" id="FCA9C4A8546832C0ADCFDCB3282ADD03" deprecated="false"/>
    <element shortname="Skomvær" name="1010" description="Skomvær" validFrom="1900-01-01T00:00:00.000+01:00" validTo="7777-01-01T00:00:00.000+01:00" id="418DC7E18CFC0EA50374836045927175" deprecated="false"/>
    <element shortname="Sleppen" name="1020" description="Sleppen" validFrom="1900-01-01T00:00:00.000+01:00" validTo="7777-01-01T00:00:00.000+01:00" id="D6088BADB820572562E59B5BBA3FFDBC" deprecated="false"/>
    <element shortname="Slettnes" name="1030" description="Slettnes" validFrom="1900-01-01T00:00:00.000+01:00" validTo="7777-01-01T00:00:00.000+01:00" id="4B09BF28928656C36CE79E8C025B90B1" deprecated="false"/>
    <element shortname="Slettnesbakken" name="1040" description="Slettnesbakken" validFrom="1900-01-01T00:00:00.000+01:00" validTo="7777-01-01T00:00:00.000+01:00" id="20EC919AB32A4A23C813DA6D125E4FD5" deprecated="false"/>
    <element shortname="Smutthullet" name="1050" description="Smutthullet" validFrom="1900-01-01T00:00:00.000+01:00" validTo="7777-01-01T00:00:00.000+01:00" id="C4B9C3A0FD9ADFEDB1169D2560DEBCB4" deprecated="false"/>
    <element shortname="Son" name="1060" description="Son" validFrom="1900-01-01T00:00:00.000+01:00" validTo="7777-01-01T00:00:00.000+01:00" id="028EC2DD6FF83EACF965F5A7ADE47BF0" deprecated="false"/>
    <element shortname="Sotbakken" name="1070" description="Sotbakken" validFrom="1900-01-01T00:00:00.000+01:00" validTo="7777-01-01T00:00:00.000+01:00" id="38799E7F6C20400BF5B07B6EF51DC920" deprecated="false"/>
    <element shortname="Spitsbergenbanken" name="1080" description="Spitsbergenbanken" validFrom="1900-01-01T00:00:00.000+01:00" validTo="7777-01-01T00:00:00.000+01:00" id="41ED47FDA75E280D8A4B2EE81EA9164C" deprecated="false"/>
    <element shortname="Statfjord" name="1090" description="Statfjord" validFrom="1900-01-01T00:00:00.000+01:00" validTo="7777-01-01T00:00:00.000+01:00" id="94AC6B0B5D1888C1E9ECCCE100C1AE39" deprecated="false"/>
    <element shortname="Staurgrunnen" name="1100" description="Staurgrunnen" validFrom="1900-01-01T00:00:00.000+01:00" validTo="7777-01-01T00:00:00.000+01:00" id="FE6D9E4E004A88ABD378C56E47045047" deprecated="false"/>
    <element shortname="Steinryggen" name="1110" description="Steinryggen" validFrom="1900-01-01T00:00:00.000+01:00" validTo="7777-01-01T00:00:00.000+01:00" id="F750497F27D144D355731535587792B9" deprecated="false"/>
    <element shortname="Storbanken" name="1120" description="Storbanken" validFrom="1900-01-01T00:00:00.000+01:00" validTo="7777-01-01T00:00:00.000+01:00" id="2650C194301DB4F7BDB1934A3E76DC93" deprecated="false"/>
    <element shortname="Storegga" name="1130" description="Storegga" validFrom="1900-01-01T00:00:00.000+01:00" validTo="7777-01-01T00:00:00.000+01:00" id="FBABDB4C33D837B0DD4178F4201DF382" deprecated="false"/>
    <element shortname="Storfjordbanken" name="1140" description="Storfjordbanken" validFrom="1900-01-01T00:00:00.000+01:00" validTo="7777-01-01T00:00:00.000+01:00" id="C54DCFA34FF05C0141B5D154A4FA319B" deprecated="false"/>
    <element shortname="Storfjordrenna" name="1150" description="Storfjordrenna" validFrom="1900-01-01T00:00:00.000+01:00" validTo="7777-01-01T00:00:00.000+01:00" id="86D46B650C6D9CE81BBD5116A7129213" deprecated="false"/>
    <element shortname="Svartangane" name="1160" description="Svartangane" validFrom="1900-01-01T00:00:00.000+01:00" validTo="7777-01-01T00:00:00.000+01:00" id="D68D7BA4545FA7144113A3F492AE5E49" deprecated="false"/>
    <element shortname="Svee" name="1170" description="Svee" validFrom="1900-01-01T00:00:00.000+01:00" validTo="7777-01-01T00:00:00.000+01:00" id="7D82DFFAFF221F70981DFCC5F42EECEE" deprecated="false"/>
    <element shortname="Sveinsgrunn" name="1180" description="Sveinsgrunn" validFrom="1900-01-01T00:00:00.000+01:00" validTo="7777-01-01T00:00:00.000+01:00" id="76183F29A281CDF277429C38BD1E3E5D" deprecated="false"/>
    <element shortname="Svenskdjupet" name="1190" description="Svenskdjupet" validFrom="1900-01-01T00:00:00.000+01:00" validTo="7777-01-01T00:00:00.000+01:00" id="10165A524B8E653C1A5FE95C0D0C4723" deprecated="false"/>
    <element shortname="Sværholt" name="1200" description="Sværholt" validFrom="1900-01-01T00:00:00.000+01:00" validTo="7777-01-01T00:00:00.000+01:00" id="4F86F5830688C9F09895FBC031A2BD23" deprecated="false"/>
    <element shortname="Sydostsnaget" name="1210" description="Sydostsnaget" validFrom="1900-01-01T00:00:00.000+01:00" validTo="7777-01-01T00:00:00.000+01:00" id="CCF3AD806A00FA55B15DE347B2E3C80F" deprecated="false"/>
    <element shortname="Syltefjorden" name="1220" description="Syltefjorden" validFrom="1900-01-01T00:00:00.000+01:00" validTo="7777-01-01T00:00:00.000+01:00" id="570D6548C375AD620D72B9410D426DEE" deprecated="false"/>
    <element shortname="Sølebanken" name="1230" description="Sølebanken" validFrom="1900-01-01T00:00:00.000+01:00" validTo="7777-01-01T00:00:00.000+01:00" id="CA411C66E5874DAB43DB7CB56662B607" deprecated="false"/>
    <element shortname="Sørbakken" name="1240" description="Sørbakken" validFrom="1900-01-01T00:00:00.000+01:00" validTo="7777-01-01T00:00:00.000+01:00" id="85AE0EF417818068BA6299C6B9B1DF83" deprecated="false"/>
    <element shortname="Sørkappflaket" name="1250" description="Sørkappflaket" validFrom="1900-01-01T00:00:00.000+01:00" validTo="7777-01-01T00:00:00.000+01:00" id="9224100596FE8C84675C29C4C05A8988" deprecated="false"/>
    <element shortname="Sørvestsnaget" name="1260" description="Sørvestsnaget" validFrom="1900-01-01T00:00:00.000+01:00" validTo="7777-01-01T00:00:00.000+01:00" id="873FC0A324F5AEE54D50856D29BDC82D" deprecated="false"/>
    <element shortname="Tampen" name="1270" description="Tampen" validFrom="1900-01-01T00:00:00.000+01:00" validTo="7777-01-01T00:00:00.000+01:00" id="7186399FFC6253D6037BDF86C213A4A8" deprecated="false"/>
    <element shortname="Tana snaget" name="1280" description="Tana snaget" validFrom="1900-01-01T00:00:00.000+01:00" validTo="7777-01-01T00:00:00.000+01:00" id="555A1C2DB05BCD7AA9A083710E960808" deprecated="false"/>
    <element shortname="Tarhalsen" name="1290" description="Tarhalsen" validFrom="1900-01-01T00:00:00.000+01:00" validTo="7777-01-01T00:00:00.000+01:00" id="1CC0E0D720029A2354A1FFAE67265E3E" deprecated="false"/>
    <element shortname="Teisten" name="1300" description="Teisten" validFrom="1900-01-01T00:00:00.000+01:00" validTo="7777-01-01T00:00:00.000+01:00" id="A44D7E1DD7445F7AF628C7A74E464413" deprecated="false"/>
    <element shortname="Thoriversenbanken" name="1310" description="Thoriversenbanken" validFrom="1900-01-01T00:00:00.000+01:00" validTo="7777-01-01T00:00:00.000+01:00" id="63D64A1E579FBB66607727B26FCEA0F5" deprecated="false"/>
    <element shortname="Tiddlybanken" name="1320" description="Tiddlybanken" validFrom="1900-01-01T00:00:00.000+01:00" validTo="7777-01-01T00:00:00.000+01:00" id="CC1389729EB824C223B4B595EEA73132" deprecated="false"/>
    <element shortname="Tormodryggen" name="1330" description="Tormodryggen" validFrom="1900-01-01T00:00:00.000+01:00" validTo="7777-01-01T00:00:00.000+01:00" id="10EFCCAFD578FA3B7D93117160EB7EF8" deprecated="false"/>
    <element shortname="Trollbukta" name="1340" description="Trollbukta" validFrom="1900-01-01T00:00:00.000+01:00" validTo="7777-01-01T00:00:00.000+01:00" id="4155FE21A413FB862197B2D93CB0C20A" deprecated="false"/>
    <element shortname="Tromsøflaket" name="1350" description="Tromsøflaket" validFrom="1900-01-01T00:00:00.000+01:00" validTo="7777-01-01T00:00:00.000+01:00" id="D61EC5069FD4FCB99D10289BCDEC5735" deprecated="false"/>
    <element shortname="Trænabanken" name="1360" description="Trænabanken" validFrom="1900-01-01T00:00:00.000+01:00" validTo="7777-01-01T00:00:00.000+01:00" id="195ACB2BC10222FDDA84927204D36911" deprecated="false"/>
    <element shortname="Trænadupet" name="1370" description="Trænadupet" validFrom="1900-01-01T00:00:00.000+01:00" validTo="7777-01-01T00:00:00.000+01:00" id="D4A48EDC6DAC57638210E341FCA6BECC" deprecated="false"/>
    <element shortname="Tua" name="1380" description="Tua" validFrom="1900-01-01T00:00:00.000+01:00" validTo="7777-01-01T00:00:00.000+01:00" id="337FBBF9C89A34C41724FCC309B65C88" deprecated="false"/>
    <element shortname="Tufjorden" name="1390" description="Tufjorden" validFrom="1900-01-01T00:00:00.000+01:00" validTo="7777-01-01T00:00:00.000+01:00" id="9AB29574806A5A2FED11E27E7303898D" deprecated="false"/>
    <element shortname="Vardøhola" name="1400" description="Vardøhola" validFrom="1900-01-01T00:00:00.000+01:00" validTo="7777-01-01T00:00:00.000+01:00" id="72F6712B80C213D904A12FA8DC56A9D5" deprecated="false"/>
    <element shortname="Vardøryggen" name="1410" description="Vardøryggen" validFrom="1900-01-01T00:00:00.000+01:00" validTo="7777-01-01T00:00:00.000+01:00" id="AD6BA14BA84EAF49908CD4751C1A6D33" deprecated="false"/>
    <element shortname="Vestbakken" name="1420" description="Vestbakken" validFrom="1900-01-01T00:00:00.000+01:00" validTo="7777-01-01T00:00:00.000+01:00" id="3212689EEF7C781F3B4AB9755756A604" deprecated="false"/>
    <element shortname="Vesterdjupet" name="1430" description="Vesterdjupet" validFrom="1900-01-01T00:00:00.000+01:00" validTo="7777-01-01T00:00:00.000+01:00" id="37D7E82DEC14C0E39AAFE82B468C174B" deprecated="false"/>
    <element shortname="Vestertåga" name="1440" description="Vestertåga" validFrom="1900-01-01T00:00:00.000+01:00" validTo="7777-01-01T00:00:00.000+01:00" id="2FC228F9D5F7A22063B2E1160FE56FEF" deprecated="false"/>
    <element shortname="Vesterålsbanken" name="1450" description="Vesterålsbanken" validFrom="1900-01-01T00:00:00.000+01:00" validTo="7777-01-01T00:00:00.000+01:00" id="62E65232BBBC34546F5B45B0F100EF29" deprecated="false"/>
    <element shortname="Vikingbanken" name="1460" description="Vikingbanken" validFrom="1900-01-01T00:00:00.000+01:00" validTo="7777-01-01T00:00:00.000+01:00" id="63167C782032A95B01DC1FE6661BF7CF" deprecated="false"/>
    <element shortname="Ytre seigrunn" name="1470" description="Ytre seigrunn" validFrom="1900-01-01T00:00:00.000+01:00" validTo="7777-01-01T00:00:00.000+01:00" id="D12B39FC0FE486F9EB5265F8D702817F" deprecated="false"/>
    <element shortname="Taran" name="1540" description="Taran" validFrom="1900-01-01T00:00:00.000+01:00" validTo="7777-01-01T00:00:00.000+01:00" id="e285745d61b94280acd71cb5226e5d8b" deprecated="false"/>
    <element shortname="Skipsholmen" name="1550" description="Skipsholmen" validFrom="1900-01-01T00:00:00.000+01:00" validTo="7777-01-01T00:00:00.000+01:00" id="9420b778b90f4505ad0f0ee7f2131de4" deprecated="false"/>
    <element shortname="Nyskallen" name="1560" description="Nyskallen" validFrom="1900-01-01T00:00:00.000+01:00" validTo="7777-01-01T00:00:00.000+01:00" id="44058ecc23904f7fa48783399ca1591c" deprecated="false"/>
    <element shortname="Trondgrunnen" name="1570" description="Trondgrunnen" validFrom="1900-01-01T00:00:00.000+01:00" validTo="7777-01-01T00:00:00.000+01:00" id="ec704066ef194a9cadcd76e4bee59bc4" deprecated="false"/>
    <element shortname="Sørøysundet" name="1580" description="Sørøysundet" validFrom="1900-01-01T00:00:00.000+01:00" validTo="7777-01-01T00:00:00.000+01:00" id="3e1ff8f56bea4792b4f8a440c5a6d766" deprecated="false"/>
    <element shortname="Vågsfjorden" name="1590" description="Vågsfjorden" validFrom="1900-01-01T00:00:00.000+01:00" validTo="7777-01-01T00:00:00.000+01:00" id="f3044258cb4d4aadad1f008bd892d45e" deprecated="false"/>
    <element shortname="Malangen" name="1600" description="Malangen" validFrom="1900-01-01T00:00:00.000+01:00" validTo="7777-01-01T00:00:00.000+01:00" id="a9e57587db004e64b9d3a6777af190e3" deprecated="false"/>
    <element shortname="Vengsøyfjorden" name="1610" description="Vengsøyfjorden" validFrom="1900-01-01T00:00:00.000+01:00" validTo="7777-01-01T00:00:00.000+01:00" id="99e7fc87d1ca459c984891526e0420df" deprecated="false"/>
    <element shortname="Sessøyfjorden" name="1620" description="Sessøyfjorden" validFrom="1900-01-01T00:00:00.000+01:00" validTo="7777-01-01T00:00:00.000+01:00" id="6ba0612a463c490193382a5a5e28c1a5" deprecated="false"/>
    <element shortname="Ullsfjorden" name="1630" description="Ullsfjorden" validFrom="1900-01-01T00:00:00.000+01:00" validTo="7777-01-01T00:00:00.000+01:00" id="cc1c71ca0b0b48ad9f05d8c495cb7cb7" deprecated="false"/>
    <element shortname="Indre Lyngen" name="1640" description="Indre Lyngen" validFrom="1900-01-01T00:00:00.000+01:00" validTo="7777-01-01T00:00:00.000+01:00" id="08d4f30e93174e4d89d4258878815ffc" deprecated="false"/>
    <element shortname="Finnskallen" name="1480" description="Finnskallen" validFrom="1900-01-01T00:00:00.000+01:00" validTo="7777-01-01T00:00:00.000+01:00" id="5c9155ce761b429b943df3d9fcbd14cc" deprecated="false"/>
    <element shortname="Flaskehalsen" name="1490" description="Flaskehalsen" validFrom="1900-01-01T00:00:00.000+01:00" validTo="7777-01-01T00:00:00.000+01:00" id="073120ffa4f54f59a9e45d73092601ba" deprecated="false"/>
    <element shortname="Berlevåg" name="1500" description="Berlevåg" validFrom="1900-01-01T00:00:00.000+01:00" validTo="7777-01-01T00:00:00.000+01:00" id="79cbaa1b538e42359b8a3c7af7d36389" deprecated="false"/>
    <element shortname="Sørøydjupta" name="1510" description="Sørøydjupta" validFrom="1900-01-01T00:00:00.000+01:00" validTo="7777-01-01T00:00:00.000+01:00" id="14349db672d04aa28470d6dda21aedbd" deprecated="false"/>
    <element shortname="Gjesbåan" name="1520" description="Gjesbåan" validFrom="1900-01-01T00:00:00.000+01:00" validTo="7777-01-01T00:00:00.000+01:00" id="bfaace4f27774397a6c9beba4f7f5c59" deprecated="false"/>
    <element shortname="Breivikfjorden" name="1530" description="Breivikfjorden" validFrom="1900-01-01T00:00:00.000+01:00" validTo="7777-01-01T00:00:00.000+01:00" id="00c92a95c5324374a2087c52ca33954e" deprecated="false"/>
    <element shortname="FinnesRåsa" name="1650" description="FinnesRåsa" validFrom="1900-01-01T00:00:00.000+01:00" validTo="7777-01-01T00:00:00.000+01:00" id="4f86b941ad4c4d7aa0ba792d20530db9" deprecated="false"/>
    <element shortname="Flatværskallen" name="1660" description="Flatværskallen" validFrom="1900-01-01T00:00:00.000+01:00" validTo="7777-01-01T00:00:00.000+01:00" id="51833718f8c042e5bae4bcf83276278a" deprecated="false"/>
    <element shortname="Folla" name="1670" description="Folla" validFrom="1900-01-01T00:00:00.000+01:00" validTo="7777-01-01T00:00:00.000+01:00" id="ecfe7b042fb143ce893bec0d229bbd5c" deprecated="false"/>
    <element shortname="Grunnbakk" name="1680" description="Grunnbakk" validFrom="1900-01-01T00:00:00.000+01:00" validTo="7777-01-01T00:00:00.000+01:00" id="0ceef33766de4fe5ab9c4e88bbcba99a" deprecated="false"/>
    <element shortname="Kongsøyfjorden" name="1700" description="Kongsøyfjorden" validFrom="1900-01-01T00:00:00.000+01:00" validTo="7777-01-01T00:00:00.000+01:00" id="26cc4f418a9b47cbb8b2897d1c6511a6" deprecated="false"/>
    <element shortname="Kvænangen" name="1710" description="Kvænangen" validFrom="1900-01-01T00:00:00.000+01:00" validTo="7777-01-01T00:00:00.000+01:00" id="c8e3a6e3291d494bb9dfa496da71f2bf" deprecated="false"/>
    <element shortname="Natogrunnene" name="1720" description="Natogrunnene" validFrom="1900-01-01T00:00:00.000+01:00" validTo="7777-01-01T00:00:00.000+01:00" id="2d90f797e7f14b8cb7ef7cf44aeebb4d" deprecated="false"/>
    <element shortname="Nordkyn" name="1730" description="Nordkyn" validFrom="1900-01-01T00:00:00.000+01:00" validTo="7777-01-01T00:00:00.000+01:00" id="1b6fdc9f7d0d4ccf9e51f92127805166" deprecated="false"/>
    <element shortname="Per Mikkelsa Grunnen" name="1740" description="Per Mikkelsa Grunnen" validFrom="1900-01-01T00:00:00.000+01:00" validTo="7777-01-01T00:00:00.000+01:00" id="9bbd9d16af0c49c0ad62b40f150f75ba" deprecated="false"/>
    <element shortname="Kaldfjorden" name="1750" description="Kaldfjorden" validFrom="1900-01-01T00:00:00.000+01:00" validTo="7777-01-01T00:00:00.000+01:00" id="a2e81576c11b49cc9c0688c7ed3da131" deprecated="false"/>
    <element shortname="Sandøyskallen" name="1760" description="Sandøyskallen" validFrom="1900-01-01T00:00:00.000+01:00" validTo="7777-01-01T00:00:00.000+01:00" id="4bd140ce55f4404baaeea5cb21548880" deprecated="false"/>
    <element shortname="Silstø v/Hasvik" name="1770" description="Silstø v/Hasvik" validFrom="1900-01-01T00:00:00.000+01:00" validTo="7777-01-01T00:00:00.000+01:00" id="4cd8f5c228694427a8e36205a03d415f" deprecated="false"/>
    <element shortname="Vannsundet" name="1780" description="Vannsundet" validFrom="1900-01-01T00:00:00.000+01:00" validTo="7777-01-01T00:00:00.000+01:00" id="b9b8a8a5d5bc4506a60a9aff59bf19a2" deprecated="false"/>
    <element shortname="Lopphavet" name="1790" description="Lopphavet" validFrom="1900-01-01T00:00:00.000+01:00" validTo="7777-01-01T00:00:00.000+01:00" id="305cf13cd171418e9887050f04c0e2fe" deprecated="false"/>
    <element shortname="Sørøydjupta" name="1800" description="Sørøydjupta" validFrom="1900-01-01T00:00:00.000+01:00" validTo="7777-01-01T00:00:00.000+01:00" id="7c6bce0cf4904ed7997994cf15523f4c" deprecated="false"/>
    <element shortname="Breivikfjorden" name="1810" description="Breivikfjorden" validFrom="1900-01-01T00:00:00.000+01:00" validTo="7777-01-01T00:00:00.000+01:00" id="d6086bcb72e9493da431ab765abc0c51" deprecated="false"/>
    <element shortname="Skipsholmen" name="1820" description="Skipsholmen" validFrom="1900-01-01T00:00:00.000+01:00" validTo="7777-01-01T00:00:00.000+01:00" id="21ef6d48069941e2a619b922dcdd5702" deprecated="false"/>
    <element shortname="Trondgrunnen" name="1830" description="Trondgrunnen" validFrom="1900-01-01T00:00:00.000+01:00" validTo="7777-01-01T00:00:00.000+01:00" id="f921f66abcd14901898c47d477e6fd2b" deprecated="false"/>
    <element shortname="Ytre Lyngen" name="1840" description="Ytre Lyngen" validFrom="1900-01-01T00:00:00.000+01:00" validTo="7777-01-01T00:00:00.000+01:00" id="c9baaaea38f642929bc91947f58c9d98" deprecated="false"/>
    <element shortname="Reisa" name="1850" description="Reisa" validFrom="1900-01-01T00:00:00.000+01:00" validTo="7777-01-01T00:00:00.000+01:00" id="745d2a545489484c9a29a9cfc79b0e2d" deprecated="false"/>
    <element shortname="Indre Kvænangen" name="1860" description="Indre Kvænangen" validFrom="1900-01-01T00:00:00.000+01:00" validTo="7777-01-01T00:00:00.000+01:00" id="d0810f0eec1545c5a271de2cce58236f" deprecated="false"/>
    <element shortname="Ytre Kvænangen" name="1870" description="Ytre Kvænangen" validFrom="1900-01-01T00:00:00.000+01:00" validTo="7777-01-01T00:00:00.000+01:00" id="a57f5aca5e9849118c30798e36fe92b0" deprecated="false"/>
    <element shortname="Altafjorden" name="1880" description="Altafjorden" validFrom="1900-01-01T00:00:00.000+01:00" validTo="7777-01-01T00:00:00.000+01:00" id="d69f14fed3f3405ca7ddda3c1ff19519" deprecated="false"/>
    <element shortname="Laksefjorden" name="1890" description="Laksefjorden" validFrom="1900-01-01T00:00:00.000+01:00" validTo="7777-01-01T00:00:00.000+01:00" id="45f8bc938dd84bf9b34b3697d9e243d6" deprecated="false"/>
    <element shortname="Indre Varanger" name="1900" description="Indre Varanger" validFrom="1900-01-01T00:00:00.000+01:00" validTo="7777-01-01T00:00:00.000+01:00" id="6392b4d0d5c54c1e8225cdb7921ee590" deprecated="false"/>
    <element shortname="Ytre Varanger" name="1910" description="Ytre Varanger" validFrom="1900-01-01T00:00:00.000+01:00" validTo="7777-01-01T00:00:00.000+01:00" id="34d05143a0204c3cb7d8c7141d4f4ff1" deprecated="false"/>
    <element shortname="Storebåen" name="1920" description="Storebåen" validFrom="1900-01-01T00:00:00.000+01:00" validTo="7777-01-01T00:00:00.000+01:00" id="f9cc42c7e8a44b8f8622744f42613582" deprecated="false"/>
    <element shortname="Storskallen" name="1930" description="Storskallen" validFrom="1900-01-01T00:00:00.000+01:00" validTo="7777-01-01T00:00:00.000+01:00" id="c6d5fb9abfd54132b473b3110534ef44" deprecated="false"/>
    <element shortname="Skagøysundet" name="1940" description="Skagøysundet" validFrom="1900-01-01T00:00:00.000+01:00" validTo="7777-01-01T00:00:00.000+01:00" id="1fc976ce58644a8783f3cc3500ea23dd" deprecated="false"/>
    <element shortname="Kattfjorden" name="1950" description="Kattfjorden" validFrom="1900-01-01T00:00:00.000+01:00" validTo="7777-01-01T00:00:00.000+01:00" id="8b0bb20c15f2408d98a4eed4f97b0c08" deprecated="false"/>
    <element shortname="Fugløysundet" name="1960" description="Fugløysundet" validFrom="1900-01-01T00:00:00.000+01:00" validTo="7777-01-01T00:00:00.000+01:00" id="11f4fac2a3a147a8918b135928639c7c" deprecated="false"/>
    <element shortname="Fugløyfjorden" name="1970" description="Fugløyfjorden" validFrom="1900-01-01T00:00:00.000+01:00" validTo="7777-01-01T00:00:00.000+01:00" id="8ebd1bfca18f43fc81295a2a6c4cb514" deprecated="false"/>
    <element shortname="Hamrefjorden" name="1980" description="Hamrefjorden" validFrom="1900-01-01T00:00:00.000+01:00" validTo="7777-01-01T00:00:00.000+01:00" id="49d22fae30cb4b9bb7338af2ad54afbd" deprecated="false"/>
</list>
