<?xml version="1.0" encoding="UTF-8" standalone="yes"?>
<list xmlns="http://www.imr.no/formats/nmdreference/v1" tableName="Fishstationtype" description="Brukes til å kode at stasjonen er av en spesiell type (Se S-skjema,  kolonne 27)." lookupName="Fishstationtype">
    <lastChanged>2011-12-06T00:00:00.000+01:00</lastChanged>
    <element shortname="Vanlig" name="" description="Vanlig fiskestasjon" validFrom="1900-01-01T00:00:00.000+01:00" validTo="7777-01-01T00:00:00.000+01:00" id="ECA5CBBF28A5A7F91F5E9EED5A21E214" deprecated="false"/>
    <element shortname="I stengt område" name="A" description="Fiskestasjon tatt innenfor et stengt område for å spesifisere stenging av fiskefelt grunnet en art" validFrom="1900-01-01T00:00:00.000+01:00" validTo="7777-01-01T00:00:00.000+01:00" id="ACE67F916AA02F1563301931FAFC555E" deprecated="false"/>
    <element shortname="Bestemt formål" name="C" description="Fiskestasjon tatt for et bestemt formål der fangst ikke er representativ" validFrom="1900-01-01T00:00:00.000+01:00" validTo="7777-01-01T00:00:00.000+01:00" id="2A0346907E672DD8FCD9D369A595C2D6" deprecated="false"/>
    <element shortname="Industritråler" name="D" description="Fangst fra industritråler" validFrom="1900-01-01T00:00:00.000+01:00" validTo="7777-01-01T00:00:00.000+01:00" id="5DD01118687C2D6DAC58E94E509F63CD" deprecated="false"/>
    <element shortname="Ringnot/kolmule" name="E" description="Fangst fra ringnot/kolmuletråler" validFrom="1900-01-01T00:00:00.000+01:00" validTo="7777-01-01T00:00:00.000+01:00" id="465B4BB0A2DB365F9651C9A682B213B4" deprecated="false"/>
    <element shortname="Turstasjon" name="H" description="Turstasjon. All fangst for hele turen er registrert,for eksempel for å få med bifangst når den ikke kan fordeles på hvert kast." validFrom="1900-01-01T00:00:00.000+01:00" validTo="7777-01-01T00:00:00.000+01:00" id="2A912F7C4163148F5B3A85749790DD4C" deprecated="false"/>
    <element shortname="Inngår i turstn." name="I" description="Inngår også i turstasjon" validFrom="1900-01-01T00:00:00.000+01:00" validTo="7777-01-01T00:00:00.000+01:00" id="1166DB173242D7E72DE7ED018A9B8C40" deprecated="false"/>
    <element shortname="Inngår i døgnst." name="1" description="Inngår i døgnstasjon" validFrom="1900-01-01T00:00:00.000+01:00" validTo="7777-01-01T00:00:00.000+01:00" id="750A6DD2E82A59CC3D1CE1C34B515FBF" deprecated="false"/>
    <element shortname="Inngår i redsk.f." name="2" description="Inngår i redskapsforsøk" validFrom="1900-01-01T00:00:00.000+01:00" validTo="7777-01-01T00:00:00.000+01:00" id="BF3EC5F672D563EBE20113D1A9895FF5" deprecated="false"/>
    <element shortname="Vanlig,inngår i fors." name="3" description="Inngår i redskapsforsøk og er vanlig fiskestasjon" validFrom="1900-01-01T00:00:00.000+01:00" validTo="7777-01-01T00:00:00.000+01:00" id="FE3C4E64CA96E287745354266EE3E05A" deprecated="false"/>
    <element shortname="Flerpose" name="4" description="Inngår i flerpose trålstasjon hvor posene fisker til ulik tid eller i ulike dyp" validFrom="1900-01-01T00:00:00.000+01:00" validTo="7777-01-01T00:00:00.000+01:00" id="35223352E262E3C01D81D842FA6FBE63" deprecated="false"/>
    <element shortname="Hovedpose" name="5" description="Hovedpose" validFrom="1900-01-01T00:00:00.000+01:00" validTo="7777-01-01T00:00:00.000+01:00" id="7967D135F2D255650F544A3E5576DA58" deprecated="false"/>
    <element shortname="Babord pose" name="6" description="Babord pose" validFrom="1900-01-01T00:00:00.000+01:00" validTo="7777-01-01T00:00:00.000+01:00" id="86E69CF4BE640BA14044A463BFDAC964" deprecated="false"/>
    <element shortname="Senterpose" name="7" description="Senterpose" validFrom="1900-01-01T00:00:00.000+01:00" validTo="7777-01-01T00:00:00.000+01:00" id="94D98D07084A8E8538B33BCD2D0F2E67" deprecated="false"/>
    <element shortname="Styrbord pose" name="8" description="Styrbord pose" validFrom="1900-01-01T00:00:00.000+01:00" validTo="7777-01-01T00:00:00.000+01:00" id="BF7474CF83FA8F05F6006D95F8EC3870" deprecated="false"/>
</list>
