<?xml version="1.0" encoding="UTF-8" standalone="yes"?>
<list xmlns="http://www.imr.no/formats/nmdreference/v1" tableName="Fordøyningsgrad" description="Fordøyelsesgrad for hele mageprøven" lookupName="Fordøyningsgrad">
    <lastChanged>2011-12-06T00:00:00.000+01:00</lastChanged>
    <element shortname="Ikke observert" name="" description="Ikke observert" validFrom="1900-01-01T00:00:00.000+01:00" validTo="7777-01-01T00:00:00.000+01:00" id="2AB6024AA995A22F6FEBD8EB888D876B" deprecated="false"/>
    <element shortname="Ikke begynt" name="1" description="Fordøyelse ikke begynt" validFrom="1900-01-01T00:00:00.000+01:00" validTo="7777-01-01T00:00:00.000+01:00" id="F1B99AC099A54798889B95FFFF75A4B1" deprecated="false"/>
    <element shortname="Påbegynt" name="2" description="Fordøyelse påbegynt" validFrom="1900-01-01T00:00:00.000+01:00" validTo="7777-01-01T00:00:00.000+01:00" id="A5875D2496AF44D34894FA109951255F" deprecated="false"/>
    <element shortname="Fremskredet" name="3" description="Fordøyelse fremskredet" validFrom="1900-01-01T00:00:00.000+01:00" validTo="7777-01-01T00:00:00.000+01:00" id="8481F7CCB89293464A7FC3B6DB6E285F" deprecated="false"/>
    <element shortname="Langt fremskredet" name="4" description="Fordøyelse langt fremskredet" validFrom="1900-01-01T00:00:00.000+01:00" validTo="7777-01-01T00:00:00.000+01:00" id="51D423464AEB622A47C705C20376A719" deprecated="false"/>
    <element shortname="Nesten avsluttet" name="5" description="Fordøyelse nesten avsluttet" validFrom="1900-01-01T00:00:00.000+01:00" validTo="7777-01-01T00:00:00.000+01:00" id="712B0EBD8C6E2754E9B5A6B9F96D26B4" deprecated="false"/>
</list>
