<?xml version="1.0" encoding="UTF-8" standalone="yes"?>
<list xmlns="http://www.imr.no/formats/nmdreference/v1" tableName="Gearcondition" description="Redskapets tilstand etter halet/kastet (S:77)" lookupName="Gearcondition">
    <lastChanged>2011-12-07T00:00:00.000+01:00</lastChanged>
    <element shortname="Ikke observert" name="" description="Ikke observert" validFrom="1900-01-01T00:00:00.000+01:00" validTo="7777-01-01T00:00:00.000+01:00" id="2BA6ACBD7D052EA4B7BC1B30D1C0055F" deprecated="false"/>
    <element shortname="Redskap OK" name="1" description="Redskap OK" validFrom="1900-01-01T00:00:00.000+01:00" validTo="7777-01-01T00:00:00.000+01:00" id="0D922C212EA11DEBA150644923DAB425" deprecated="false"/>
    <element shortname="Små skader, ikke vesentlig" name="2" description="Redskap har mindre skader, ingen skader av vesentlig betydning for seleksjon og fangst." validFrom="1900-01-01T00:00:00.000+01:00" validTo="7777-01-01T00:00:00.000+01:00" id="607B57E04D74AB61E73BC0DB27F14F16" deprecated="false"/>
    <element shortname="Redskap litt skadet" name="3" description="Redskap er skadet, noe fisk kan ha unnsloppet." validFrom="1900-01-01T00:00:00.000+01:00" validTo="7777-01-01T00:00:00.000+01:00" id="9C69646BF0D01D5B979517E1BBC2FEAF" deprecated="false"/>
    <element shortname="Redskap en del skadet" name="4" description="Trålen har lange flenger eller mangler større stykker notlin, pose intakt." validFrom="1900-01-01T00:00:00.000+01:00" validTo="7777-01-01T00:00:00.000+01:00" id="648765D8B617314BEAA5C78E0436DD7E" deprecated="false"/>
    <element shortname="Revet redskap" name="5" description="Pose revet, lite fangst" validFrom="1900-01-01T00:00:00.000+01:00" validTo="7777-01-01T00:00:00.000+01:00" id="905513AB960440AEBE365D2FAEBC803F" deprecated="false"/>
    <element shortname="Alvorlig skadet" name="6" description="Redskap helt ødelagt" validFrom="1900-01-01T00:00:00.000+01:00" validTo="7777-01-01T00:00:00.000+01:00" id="FE720302CFC451C9E6B360A1D34944C7" deprecated="false"/>
    <element shortname="Tapt redskap" name="7" description="Redskap tapt" validFrom="1900-01-01T00:00:00.000+01:00" validTo="7777-01-01T00:00:00.000+01:00" id="254926605DB10B4BE29E0C95BEB56F9A" deprecated="false"/>
</list>
