<?xml version="1.0" encoding="UTF-8" standalone="yes"?>
<list xmlns="http://www.imr.no/formats/nmdreference/v1" tableName="GENETIKK_SPD" description="Angir om prøve for genetisk klassifikasjon er tatt." lookupName="GENETIKK_SPD">
    <lastChanged>2012-02-15T00:00:00.000+01:00</lastChanged>
    <element shortname="Ikke tatt/Åpent" name="" description="Prøve for genetisk klassifikasjon er ikke tatt eller prøve tatt innenfor åpent område." validFrom="1900-01-01T00:00:00.000+01:00" validTo="7777-01-01T00:00:00.000+01:00" id="7254EC34DB1959BEA9E6E36087EAA172" deprecated="false"/>
    <element shortname="Prøve tatt" name="1" description="Prøve for genetisk klassifikasjon er tatt." validFrom="1900-01-01T00:00:00.000+01:00" validTo="7777-01-01T00:00:00.000+01:00" id="C0977EAED3A1C39358D506CDB55345D1" deprecated="false"/>
    <element shortname="Målart" name="2" description="Målart er tatt" validFrom="1900-01-01T00:00:00.000+01:00" validTo="7777-01-01T00:00:00.000+01:00" id="F32F73F5CFAD79FAFFABF07643CCD7F6" deprecated="false"/>
    <element shortname="Målart og Genetikk" name="3" description="Både målart og genetisk prøve er tatt." validFrom="1900-01-01T00:00:00.000+01:00" validTo="7777-01-01T00:00:00.000+01:00" id="2AED75970FAC7C56BE755F1B2E45B53A" deprecated="false"/>
    <element shortname="Stengt" name="4" description="Prøve tatt innenfor et stengt område." validFrom="1900-01-01T00:00:00.000+01:00" validTo="7777-01-01T00:00:00.000+01:00" id="04FA423B4F2D04160BF7B75C535762A6" deprecated="false"/>
    <element shortname="Fryseprøve" name="5" description="Fryseprøve." validFrom="1900-01-01T00:00:00.000+01:00" validTo="7777-01-01T00:00:00.000+01:00" id="F8B7CE731CA42A8B6E8F4ABB3104D86F" deprecated="false"/>
    <element shortname="Artsbestemmelse" name="6" description="Artsbestemmelse er etterprøvd." validFrom="1900-01-01T00:00:00.000+01:00" validTo="7777-01-01T00:00:00.000+01:00" id="E8C67BA6CAD6070D3C53093E0BA29B6C" deprecated="false"/>
    <element shortname="Usikker" name="7" description="Artsbestemmelse er vurdert som usikker på grunnlag av geografisk fordeling eller annet." validFrom="1900-01-01T00:00:00.000+01:00" validTo="7777-01-01T00:00:00.000+01:00" id="3312521262893502961DDCE83408DD99" deprecated="false"/>
</list>
