<?xml version="1.0" encoding="UTF-8" standalone="yes"?>
<list xmlns="http://www.imr.no/formats/nmdreference/v1" tableName="Group" description="Gruppe (T:43-44). Dette er en kode som skal angi om prøven er tatt fra en spesiell del av fangsten av denne arten." lookupName="Group">
    <lastChanged>2014-02-04T00:00:00.000+01:00</lastChanged>
    <element shortname="Ikke observert" name="" description="Ikke observert" validFrom="1900-01-01T00:00:00.000+01:00" validTo="7777-01-01T00:00:00.000+01:00" id="0EA46855F02CFF561D859775D970B660" deprecated="false"/>
    <element shortname="0-gruppe" name="10" description="0-gruppe (før 31.12 fødselsåret)" validFrom="1900-01-01T00:00:00.000+01:00" validTo="7777-01-01T00:00:00.000+01:00" id="75D66C0D8BC2F34AE708952FF33BBD2C" deprecated="false"/>
    <element shortname="I-gruppe" name="11" description="I-gruppe (neste kalenderår)" validFrom="1900-01-01T00:00:00.000+01:00" validTo="7777-01-01T00:00:00.000+01:00" id="DF94EA6DAD7790EDED0F6609017F73BA" deprecated="false"/>
    <element shortname="II-gruppe" name="12" description="II-gruppe" validFrom="1900-01-01T00:00:00.000+01:00" validTo="7777-01-01T00:00:00.000+01:00" id="BF185B9A43D72C5F326AEC45FE753947" deprecated="false"/>
    <element shortname="K/V Magnus Lagabøte" name="95" description="LCKF" validFrom="1900-01-01T00:00:00.000+01:00" validTo="7777-01-01T00:00:00.000+01:00" id="2B30E2F82FB3419B1A4AD05A5345C339" deprecated="false"/>
    <element shortname="Alle aldre" name="13" description="Blanding av alle aldre (0+)" validFrom="1900-01-01T00:00:00.000+01:00" validTo="7777-01-01T00:00:00.000+01:00" id="C50CB54AC3662BC27B36AEE5058F7B2A" deprecated="false"/>
    <element shortname="I-gruppe+" name="14" description="I-gruppe og eldre (I+)" validFrom="1900-01-01T00:00:00.000+01:00" validTo="7777-01-01T00:00:00.000+01:00" id="C3CFDD9E0DE4F4A97D6D09360BB0C8B3" deprecated="false"/>
    <element shortname="II-gruppe+" name="15" description="II-gruppe og eldre (II+)" validFrom="1900-01-01T00:00:00.000+01:00" validTo="7777-01-01T00:00:00.000+01:00" id="B12FC325C39F87C3E517FA8A4409E843" deprecated="false"/>
    <element shortname="III-gruppe+" name="16" description="III-gruppe og eldre (III+)" validFrom="1900-01-01T00:00:00.000+01:00" validTo="7777-01-01T00:00:00.000+01:00" id="766054BCFAED2CEA19733FD4EA72934F" deprecated="false"/>
    <element shortname="Fra hele fangsten" name="20" description="Fra hele fangsten" validFrom="1900-01-01T00:00:00.000+01:00" validTo="7777-01-01T00:00:00.000+01:00" id="41BFFB4ECA6A0A0BEAEC8A0B31107246" deprecated="false"/>
    <element shortname="Fangsten over minstemålet" name="21" description="Fra hele fangsten over minstemålet" validFrom="1900-01-01T00:00:00.000+01:00" validTo="7777-01-01T00:00:00.000+01:00" id="EE29809890672E8E7D5ADA3221B7F358" deprecated="false"/>
    <element shortname="Fangsten under minstemålet" name="22" description="Fra hele fangsten under minstemålet" validFrom="1900-01-01T00:00:00.000+01:00" validTo="7777-01-01T00:00:00.000+01:00" id="E942978885D460DF1C9DE035CED42AEC" deprecated="false"/>
    <element shortname="Utkast" name="23" description="Fra utkast" validFrom="1900-01-01T00:00:00.000+01:00" validTo="7777-01-01T00:00:00.000+01:00" id="BEA98E9EA0938D3CFA827F5DE6A134C2" deprecated="false"/>
    <element shortname="Utkast over minstemålet" name="24" description="Fra utkast over minstemålet" validFrom="1900-01-01T00:00:00.000+01:00" validTo="7777-01-01T00:00:00.000+01:00" id="0DC6AE2FEC4D19D8CB5831A0345251A2" deprecated="false"/>
    <element shortname="Utkast under minstemålet" name="25" description="Fra utkast under minstemålet" validFrom="1900-01-01T00:00:00.000+01:00" validTo="7777-01-01T00:00:00.000+01:00" id="7EAFCC3B0EE61C0C2B7514F3130894D9" deprecated="false"/>
    <element shortname="Konsum" name="26" description="Fra konsum" validFrom="1900-01-01T00:00:00.000+01:00" validTo="7777-01-01T00:00:00.000+01:00" id="51AB9C68D6B6B4180425A451B0B29BDA" deprecated="false"/>
    <element shortname="Konsum under minstemålet" name="27" description="Fra konsum under minstemålet" validFrom="1900-01-01T00:00:00.000+01:00" validTo="7777-01-01T00:00:00.000+01:00" id="47275D068C7669B6FCD5AE5B6CE11FE8" deprecated="false"/>
    <element shortname="Konsum over minstemålet" name="28" description="Fra konsum over minstemålet" validFrom="1900-01-01T00:00:00.000+01:00" validTo="7777-01-01T00:00:00.000+01:00" id="2E40102869D9961656A65A166046C5D4" deprecated="false"/>
    <element shortname="Pose seleksjon" name="30" description="Fra pose seleksjonsforsøk" validFrom="1900-01-01T00:00:00.000+01:00" validTo="7777-01-01T00:00:00.000+01:00" id="70BF290FE2FCA184AE631D9474DF16C9" deprecated="false"/>
    <element shortname="Dekknett seleksjon" name="31" description="Fra dekknett seleksjonsforsøk" validFrom="1900-01-01T00:00:00.000+01:00" validTo="7777-01-01T00:00:00.000+01:00" id="1C686460A10115F682914952FA50C6B5" deprecated="false"/>
    <element shortname="Prøve insp. stenging/åpning" name="40" description="Prøven er tatt av kontrollører fra skip i forbindelse med stengning/åpning av fiskefelt." validFrom="1900-01-01T00:00:00.000+01:00" validTo="7777-01-01T00:00:00.000+01:00" id="91F1CC61283ED46EBA49759E7130E120" deprecated="false"/>
    <element shortname="Prøve insp. komm.fiske" name="41" description="Prøven er tatt av inspektører i Fiskeridirektoratets kontrollverk fra skip i kommersielt fiske." validFrom="1900-01-01T00:00:00.000+01:00" validTo="7777-01-01T00:00:00.000+01:00" id="5DE84169871BE66B6F2F05E131C422B7" deprecated="false"/>
    <element shortname="Ikke representativ" name="49" description="Prøve ikke representativ" validFrom="1900-01-01T00:00:00.000+01:00" validTo="7777-01-01T00:00:00.000+01:00" id="DBC67CAD633EC2B0BC9EA496ED46155D" deprecated="false"/>
    <element shortname="Spesielt formål" name="50" description="Prøve tatt for spesielt formål (uspesifisert)" validFrom="1900-01-01T00:00:00.000+01:00" validTo="7777-01-01T00:00:00.000+01:00" id="492DEB70F4BAD189C9C3B7D52729CDD2" deprecated="false"/>
    <element shortname="Prøve kystvakt komm. fiske" name="51" description="Prøve tatt av kystvakten fra skip i kommersielt fiske." validFrom="1900-01-01T00:00:00.000+01:00" validTo="7777-01-01T00:00:00.000+01:00" id="CAFABE9CCF82429D226A6DFAD02AA3B6" deprecated="false"/>
    <element shortname="Prøve fisker komm. fiske" name="52" description="Prøve tatt av fisker ombord i skip i kommersielt fiske" validFrom="1900-01-01T00:00:00.000+01:00" validTo="7777-01-01T00:00:00.000+01:00" id="E364EEFC02462EF2E4768426DA2A8827" deprecated="false"/>
    <element shortname="K/V Grimsholm " name="53" description="LGYT" validFrom="1900-01-01T00:00:00.000+01:00" validTo="7777-01-01T00:00:00.000+01:00" id="B5FB4C4BE1189295BF41A4277E80124B" deprecated="false"/>
    <element shortname="K/V Heimdal " name="54" description="LBHM" validFrom="1900-01-01T00:00:00.000+01:00" validTo="7777-01-01T00:00:00.000+01:00" id="8157EED482617ABE05CC2F5C55F6C744" deprecated="false"/>
    <element shortname="K/V Nornen " name="55" description="LBNO" validFrom="1900-01-01T00:00:00.000+01:00" validTo="7777-01-01T00:00:00.000+01:00" id="6792372513579862C5C89BF038244503" deprecated="false"/>
    <element shortname="K/V Volstad jr." name="56" description="LAES" validFrom="1900-01-01T00:00:00.000+01:00" validTo="7777-01-01T00:00:00.000+01:00" id="004D2D46A60EC5C7899067A89EFBECBF" deprecated="false"/>
    <element shortname="K/V Farm " name="57" description="LBFA,LNRF" validFrom="1900-01-01T00:00:00.000+01:00" validTo="7777-01-01T00:00:00.000+01:00" id="7BCCC799FB438DB2721768D0CE34DE65" deprecated="false"/>
    <element shortname="K/V Lafjord " name="58" description="LHDO" validFrom="1900-01-01T00:00:00.000+01:00" validTo="7777-01-01T00:00:00.000+01:00" id="CA63BA1FBD2220C828AF42E036736BD1" deprecated="false"/>
    <element shortname="K/V Nordsjøbas " name="59" description="LGSP" validFrom="1900-01-01T00:00:00.000+01:00" validTo="7777-01-01T00:00:00.000+01:00" id="65BBCC7AA6ECA1FEF57D3F0A0E6146EF" deprecated="false"/>
    <element shortname="K/V Andenes " name="60" description="LBHC" validFrom="1900-01-01T00:00:00.000+01:00" validTo="7777-01-01T00:00:00.000+01:00" id="A1751D966CCE8756A6947282DD2A0098" deprecated="false"/>
    <element shortname="K/V Senja " name="61" description="LBHB" validFrom="1900-01-01T00:00:00.000+01:00" validTo="7777-01-01T00:00:00.000+01:00" id="FB2061E1298DBD55E526CAFF76ECCE7C" deprecated="false"/>
    <element shortname="K/V Stålbas " name="62" description="LNXH" validFrom="1900-01-01T00:00:00.000+01:00" validTo="7777-01-01T00:00:00.000+01:00" id="D85AE0D086E7CAEB0D9AE6ECE4680CB9" deprecated="false"/>
    <element shortname="K/V Garpeskjær " name="63" description="LAWQ" validFrom="1900-01-01T00:00:00.000+01:00" validTo="7777-01-01T00:00:00.000+01:00" id="810FAD59B226CBF9AB00E7170D27A671" deprecated="false"/>
    <element shortname="K/V Nordkapp " name="64" description="LBHA" validFrom="1900-01-01T00:00:00.000+01:00" validTo="7777-01-01T00:00:00.000+01:00" id="1AF39E0D79FDE3C64367DE11B41101F8" deprecated="false"/>
    <element shortname="K/V Kim " name="65" description="LNNF" validFrom="1900-01-01T00:00:00.000+01:00" validTo="7777-01-01T00:00:00.000+01:00" id="5A998849183E60935605205BF20E6B9D" deprecated="false"/>
    <element shortname="K/V Lance " name="66" description="LGKI" validFrom="1900-01-01T00:00:00.000+01:00" validTo="7777-01-01T00:00:00.000+01:00" id="2C7C05C4037D654E2302C325D36B3A5C" deprecated="false"/>
    <element shortname="K/V Ålesund " name="67" description="LHXC" validFrom="1900-01-01T00:00:00.000+01:00" validTo="7777-01-01T00:00:00.000+01:00" id="07676C5C32E2893862BDC4523B1537C5" deprecated="false"/>
    <element shortname="K/V Tromsø " name="68" description="LIOA" validFrom="1900-01-01T00:00:00.000+01:00" validTo="7777-01-01T00:00:00.000+01:00" id="CE41E5D764A387899981F90105D00DAC" deprecated="false"/>
    <element shortname="K/V Nysleppen " name="69" description="LNJG" validFrom="1900-01-01T00:00:00.000+01:00" validTo="7777-01-01T00:00:00.000+01:00" id="4D0BEDE7F98876921FCC8A87DA8D0456" deprecated="false"/>
    <element shortname="K/V Thorsteinson " name="70" description="LAOH" validFrom="1900-01-01T00:00:00.000+01:00" validTo="7777-01-01T00:00:00.000+01:00" id="FCB44145BB1C3D76151652208A8B9D79" deprecated="false"/>
    <element shortname="K/V Ice Lady" name="71" description="LIPR" validFrom="1900-01-01T00:00:00.000+01:00" validTo="7777-01-01T00:00:00.000+01:00" id="CDB294ED86679098BB2CD5F20A60349B" deprecated="false"/>
    <element shortname="K/V Sture Gøran" name="72" description="LGRU" validFrom="1900-01-01T00:00:00.000+01:00" validTo="7777-01-01T00:00:00.000+01:00" id="4162BC09C89DDD381B9242C6882C203B" deprecated="false"/>
    <element shortname="K/V Polarvakt " name="73" description="LNOX" validFrom="1900-01-01T00:00:00.000+01:00" validTo="7777-01-01T00:00:00.000+01:00" id="DC716522DE678BA9CF07B52AD410F398" deprecated="false"/>
    <element shortname="K/V Barentshav " name="74" description="LAYP" validFrom="1900-01-01T00:00:00.000+01:00" validTo="7777-01-01T00:00:00.000+01:00" id="D006BFF8DD384A980C3199918E8F982C" deprecated="false"/>
    <element shortname="K/V Malene Østervold" name="75" description="LCIU" validFrom="1900-01-01T00:00:00.000+01:00" validTo="7777-01-01T00:00:00.000+01:00" id="8916A3ECFB6AF61E2F549F6BAEBC0896" deprecated="false"/>
    <element shortname="K/V Eigun " name="76" description="LLXE" validFrom="1900-01-01T00:00:00.000+01:00" validTo="7777-01-01T00:00:00.000+01:00" id="FFFD7E945A3AB581D01E69BCC4D97BE3" deprecated="false"/>
    <element shortname="K/V Sjøveien " name="77" description="LIKA" validFrom="1900-01-01T00:00:00.000+01:00" validTo="7777-01-01T00:00:00.000+01:00" id="0CBBEFC6B0789E5E967C08ABAF8781CE" deprecated="false"/>
    <element shortname="K/V Svalbard " name="78" description="LBSV" validFrom="1900-01-01T00:00:00.000+01:00" validTo="7777-01-01T00:00:00.000+01:00" id="360F4E7CBE21702936351FC2F8AB40FF" deprecated="false"/>
    <element shortname="K/V Peter Jarl" name="79" description="LFDH" validFrom="1900-01-01T00:00:00.000+01:00" validTo="7777-01-01T00:00:00.000+01:00" id="83EB6A9CDA8FD6EC6D1ADF900C4918F3" deprecated="false"/>
    <element shortname="K/V Normand Trym" name="80" description="LNEN" validFrom="1900-01-01T00:00:00.000+01:00" validTo="7777-01-01T00:00:00.000+01:00" id="47B92794B03ADD68E80751BABA446F72" deprecated="false"/>
    <element shortname="K/V Connector " name="81" description="LMXI" validFrom="1900-01-01T00:00:00.000+01:00" validTo="7777-01-01T00:00:00.000+01:00" id="D175ACED871AB9FFD9D5394A40AFB4C1" deprecated="false"/>
    <element shortname="K/V Harstad " name="82" description="LMXQ,JWBR" validFrom="1900-01-01T00:00:00.000+01:00" validTo="7777-01-01T00:00:00.000+01:00" id="767030B70505B4511DF53CF046509A88" deprecated="false"/>
    <element shortname="K/V Kongsøy " name="83" description="JWWR" validFrom="1900-01-01T00:00:00.000+01:00" validTo="7777-01-01T00:00:00.000+01:00" id="027585639D4723A887CFF54474B7A77F" deprecated="false"/>
    <element shortname="K/V Garsøy " name="84" description="JWKB" validFrom="1900-01-01T00:00:00.000+01:00" validTo="7777-01-01T00:00:00.000+01:00" id="1C851DAE9924A71AECF5EED773782342" deprecated="false"/>
    <element shortname="K/V Leikvin " name="85" description="LELC" validFrom="1900-01-01T00:00:00.000+01:00" validTo="7777-01-01T00:00:00.000+01:00" id="8C8D6F730BA28DE1AED83AAEA8BD7D18" deprecated="false"/>
    <element shortname="K/V Chieftain " name="86" description="LIUK" validFrom="1900-01-01T00:00:00.000+01:00" validTo="7777-01-01T00:00:00.000+01:00" id="3827B7F4CD4247310D0743E176C72B45" deprecated="false"/>
    <element shortname="K/V Titran " name="87" description="LG2089" validFrom="1900-01-01T00:00:00.000+01:00" validTo="7777-01-01T00:00:00.000+01:00" id="357345C5B3C27C59B23E255AF09B0A67" deprecated="false"/>
    <element shortname="K/V Tor " name="88" description="LNRO" validFrom="1900-01-01T00:00:00.000+01:00" validTo="7777-01-01T00:00:00.000+01:00" id="2E354428C66284C0DA23FA65CFD17104" deprecated="false"/>
    <element shortname="K/V Njord " name="89" description="LNRC" validFrom="1900-01-01T00:00:00.000+01:00" validTo="7777-01-01T00:00:00.000+01:00" id="B6DEFFFAC8B46BB430CB8C8619FDD30E" deprecated="false"/>
    <element shortname="K/V Nornen " name="90" description="LNPS" validFrom="1900-01-01T00:00:00.000+01:00" validTo="7777-01-01T00:00:00.000+01:00" id="BF28E21C9527C61E594C2D45424CAA64" deprecated="false"/>
    <element shortname="K/V Barentshav " name="91" description="LAQL" validFrom="1900-01-01T00:00:00.000+01:00" validTo="7777-01-01T00:00:00.000+01:00" id="1281EDF68E140FDFBA299030598AE86D" deprecated="false"/>
    <element shortname="K/V Heimdal " name="92" description="LNRR" validFrom="1900-01-01T00:00:00.000+01:00" validTo="7777-01-01T00:00:00.000+01:00" id="D90CF013E04D7445540E7BEA17D45C8A" deprecated="false"/>
    <element shortname="K/V Bergen" name="93" description="LAQM" validFrom="1900-01-01T00:00:00.000+01:00" validTo="7777-01-01T00:00:00.000+01:00" id="D97CE6C9D0DDA297BC0561B1924650E1" deprecated="false"/>
    <element shortname="K/V Sortland" name="94" description="LASE" validFrom="1900-01-01T00:00:00.000+01:00" validTo="7777-01-01T00:00:00.000+01:00" id="DD4FA2075D495DF49B0620D64063A21F" deprecated="false"/>
</list>
