<?xml version="1.0" encoding="UTF-8" standalone="yes"?>
<list xmlns="http://www.imr.no/formats/nmdreference/v1" tableName="Spesialstadier for bunnfisk på IBTS-tokt - hann" description="Stadier for hann bunnfisk i internasjonale bunntokt i Nordsjøen" lookupName="IBTS_BUNNFISK_STADIE_HANN">
    <lastChanged>2012-03-09T00:00:00.000+01:00</lastChanged>
    <element shortname="Ikke bestemt" name="" description="Ikke bestemt" validFrom="2010-01-01T00:00:00.000+01:00" validTo="7777-01-01T00:00:00.000+01:00" id="9AB79773117E9CB02C7E0037D75D9423" deprecated="false"/>
    <element shortname="Gytende" name="3" description="Gytende. Ugjennomsiktig kremhvit farge, rødlig mot slutten av stadiet. Synlig melke, kan presses ut ved lett trykk." validFrom="2010-01-01T00:00:00.000+01:00" validTo="7777-01-01T00:00:00.000+01:00" id="31EE50DFB488A757904F0FB4D7809940" deprecated="false"/>
    <element shortname="Utgytt" name="4" description="Utgytt. Sammentrekte og slappe lameller, dyp rosa til lilla farge. Blodsprengt, ofte gråaktig skjær." validFrom="2010-01-01T00:00:00.000+01:00" validTo="7777-01-01T00:00:00.000+01:00" id="4AB1E0442FB58C0FA69C703026331613" deprecated="false"/>
    <element shortname="Umoden" name="1" description="Umoden. Tynne strenger langs svømmeblæren, Rødlig til hvit farge. Ingen bestemmelse under 15 cm." validFrom="2010-01-01T00:00:00.000+01:00" validTo="7777-01-01T00:00:00.000+01:00" id="1FB4DC2EF58D57357864F479D8777406" deprecated="false"/>
    <element shortname="Modnende" name="2" description="Modnende. Større i volum og tydelige blodårer. Hvit til rødhvit farge." validFrom="2010-01-01T00:00:00.000+01:00" validTo="7777-01-01T00:00:00.000+01:00" id="EAABA9E020ECB1039BE0BACD6DB4A2AE" deprecated="false"/>
    <element shortname="Hvilende/Overhopper" name="5" description="Hvilende/Overhopper. Ingen synlig utvikling, lik umoden til modnende. Gråaktig skjær." validFrom="2010-01-01T00:00:00.000+01:00" validTo="7777-01-01T00:00:00.000+01:00" id="06DDDC63D6508E249B914F587E875207" deprecated="false"/>
    <element shortname="Unormale" name="6" description="Unormale. Nedsatt fruktbarhet. Sammen-hengende vev, bare utviklet på den ene siden, intersex o.l" validFrom="2010-01-01T00:00:00.000+01:00" validTo="7777-01-01T00:00:00.000+01:00" id="6BF3A40B6381A578BD8EF0318C436DA9" deprecated="false"/>
</list>
