<?xml version="1.0" encoding="UTF-8" standalone="yes"?>
<list xmlns="http://www.imr.no/formats/nmdreference/v1" tableName="Spesialstadier for bunnfisk på IBTS-tokt - hunn" description="Stadier for hunn bunnfisk i internasjonale bunntokt i Nordsjøen" lookupName="IBTS_BUNNFISK_STADIE_HUNN">
    <lastChanged>2012-03-09T00:00:00.000+01:00</lastChanged>
    <element shortname="Umoden" name="1" description="Umoden. Gonaden er liten og gjennomsiktig. Rosa til lett oransje farge. Ingen bestemmelse under 15 cm, kan forveksles med svømmeblæren. Ikke tydelige blodårer." validFrom="2010-01-01T00:00:00.000+01:00" validTo="7777-01-01T00:00:00.000+01:00" id="8EC2CFEB4CD9A23F593C9016521B7699" deprecated="false"/>
    <element shortname="Modnende" name="2" description="Modnende. Gonaden er større og fastere. Rødoransje til kremoransje farge. Kan være synlige egg. Tydelige blodårer." validFrom="2010-01-01T00:00:00.000+01:00" validTo="7777-01-01T00:00:00.000+01:00" id="3C525C33C9F149D06DDF65E663ADA410" deprecated="false"/>
    <element shortname="Ikke bestemt" name="" description="Ikke bestemt" validFrom="2010-01-01T00:00:00.000+01:00" validTo="7777-01-01T00:00:00.000+01:00" id="0E1CBBEFF9789890D48C0D044EE99C76" deprecated="false"/>
    <element shortname="Gytende" name="3" description="Gytende. Utspilt, få til mange hydrerte egg, kan være rennende." validFrom="2010-01-01T00:00:00.000+01:00" validTo="7777-01-01T00:00:00.000+01:00" id="0FC8514144DD7750639DEEDC4D902398" deprecated="false"/>
    <element shortname="Utgytt" name="4" description="Utgytt. Gonaden er slapp og blodsprengt. Ofte gråaktig skjær." validFrom="2010-01-01T00:00:00.000+01:00" validTo="7777-01-01T00:00:00.000+01:00" id="62AC297F2FCAE1287372EB11BE04A9F9" deprecated="false"/>
    <element shortname="Hvilende/Overhopper" name="5" description="Hvilende/Overhopper. Ingen synlig utvikling, lik umoden. Ofte gråaktig skjær." validFrom="2010-01-01T00:00:00.000+01:00" validTo="7777-01-01T00:00:00.000+01:00" id="4FB07664841F92B3288B389C3783773B" deprecated="false"/>
    <element shortname="Unormale" name="6" description="Unormale. Nedsatt fruktbarhet, forsteinet, sammenhengende vev, bare utviklet på den ene siden, intersex o.l" validFrom="2010-01-01T00:00:00.000+01:00" validTo="7777-01-01T00:00:00.000+01:00" id="E2D8F13BF17306E5463C91A3434C968B" deprecated="false"/>
</list>
