<?xml version="1.0" encoding="UTF-8" standalone="yes"?>
<list xmlns="http://www.imr.no/formats/nmdreference/v1" tableName="IGOSS" description="Kvalitetsflag for trykk, temperatur, saltholdighet, konduktivitet og dypde" lookupName="IGOSS">
    <lastChanged>2011-11-24T00:00:00.000+01:00</lastChanged>
    <element shortname="Corrected" name="5" description="Corrected" validFrom="1900-01-01T00:00:00.000+01:00" validTo="7777-01-01T00:00:00.000+01:00" id="294D812817D7B883567D384217AFDD7E" deprecated="false"/>
    <element shortname="No quality control" name="0" description="No quality control" validFrom="1900-01-01T00:00:00.000+01:00" validTo="7777-01-01T00:00:00.000+01:00" id="15F32BA40A14B417C39BA65F963CA360" deprecated="false"/>
    <element shortname="Correct" name="1" description="Correct" validFrom="1900-01-01T00:00:00.000+01:00" validTo="7777-01-01T00:00:00.000+01:00" id="36008480F7E69569D97F7D28FA451D3F" deprecated="false"/>
    <element shortname="Inconsistent" name="2" description="Inconsistent" validFrom="1900-01-01T00:00:00.000+01:00" validTo="7777-01-01T00:00:00.000+01:00" id="FB1C987B81272D69315216B22019D9AF" deprecated="false"/>
    <element shortname="Doubtful" name="3" description="Doubtful" validFrom="1900-01-01T00:00:00.000+01:00" validTo="7777-01-01T00:00:00.000+01:00" id="EC22CB7C53F7EC8BD97D79537610AD77" deprecated="false"/>
    <element shortname="Erroneous" name="4" description="Erroneous" validFrom="1900-01-01T00:00:00.000+01:00" validTo="7777-01-01T00:00:00.000+01:00" id="AEA0A779B3E957A59024358783D376A5" deprecated="false"/>
    <element shortname="Interpolated/extrapolated" name="8" description="Interpolated/extrapolated" validFrom="1900-01-01T00:00:00.000+01:00" validTo="7777-01-01T00:00:00.000+01:00" id="750CB360934BEE208D3FFE38BDF9AD17" deprecated="false"/>
    <element shortname="Missing" name="9" description="Missing" validFrom="1900-01-01T00:00:00.000+01:00" validTo="7777-01-01T00:00:00.000+01:00" id="AC494CD61C6A9BECB37295A27D1F5FFB" deprecated="false"/>
    <element shortname="Below detection limit" name="6" description="Below detection limit" validFrom="1900-01-01T00:00:00.000+01:00" validTo="7777-01-01T00:00:00.000+01:00" id="CA8EBCDEA74A0E50E78DDE2D2885A4E8" deprecated="false"/>
    <element shortname="In excess of quoted value" name="7" description="In excess of quoted value" validFrom="1900-01-01T00:00:00.000+01:00" validTo="7777-01-01T00:00:00.000+01:00" id="A0F418503594E898D8958540A243FD93" deprecated="false"/>
    <element shortname="Incomplete information" name="A" description="Incomplete information" validFrom="1900-01-01T00:00:00.000+01:00" validTo="7777-01-01T00:00:00.000+01:00" id="ED138B8A9559D45EF6DE7ED8EFD5BE64" deprecated="false"/>
</list>
