<?xml version="1.0" encoding="UTF-8" standalone="yes"?>
<institutionList xmlns="http://www.imr.no/formats/nmdreference/v1">
    <lastChanged>2011-03-16T00:00:00.000+01:00</lastChanged>
    <element institution="13" nation="58" name="Fiskeridirektoratet" adress="Postboks 185,N-5002 Bergen" phone="+47 55 23 80 00" email="" id="0F9C958D79A2ABC3AD764A725851754C" deprecated="false"/>
    <element institution="50" nation="58" name="Forsvarets forskningsinstitutt" adress="Postboks 25, 2027 Kjeller" phone="+47 63 80 70 00" email="ffi.no" id="D9C6C3B535533D2B8D7A3F1F0F7DD6E2" deprecated="false"/>
    <element institution="1" nation="58" name="Geofysisk institutt,Universitetet i Bergen" adress="Allegaten 70,5007 Bergen" phone="+47 55 58 00 00" email="gfi.uib.no" id="D6FDC7B54D2F1F05CAA8A0C8B48F31AA" deprecated="false"/>
    <element institution="10" nation="58" name="Havforskningsinstituttet" adress="Postboks 1870,N-5024 Bergen-Nordnes" phone="+47 55 23 85 00" email="imr.no" id="7A2B2FDA4BD998D515034A7469ED65CA" deprecated="false"/>
    <element institution="12" nation="58" name="Havforskningsinstituttet/NORAD" adress="Postboks 1870,N-5024 Bergen-Nordnes" phone="+47 55 23 85 00" email="imr.no" id="AB6D44CBE0C74372028A2570377FBA58" deprecated="false"/>
    <element institution="55" nation="58" name="Høgskolen i Bodø" adress="8002 Bodø" phone="+47 75 51 72 00" email="" id="66001EEFEED89F2B4B9FEDEB959C8B54" deprecated="false"/>
    <element institution="2" nation="58" name="Institutt for biologi,Universitetet i Bergen" adress="Høyteknologisenteret,5020 Bergen" phone="+47 55 58 00 00" email="ifm.uib.no" id="7F8F82B32EC5702D90FD2DC2D03BCBAD" deprecated="false"/>
    <element institution="60" nation="58" name="Norges teknisk-naturvitenskapelige universitet" adress="Trondheim" phone="" email="ntnu.no" id="E91F508481C6D0D45EF7AB8655582BF6" deprecated="false"/>
    <element institution="31" nation="58" name="Norsk Institutt for Fiskeri-og Havbruksforskning A/S (Fiskeriforskning)" adress="Breivika,Postboks 677,9001 Tromsø" phone="+47 77 62 90 00" email="" id="84C812A361761B30395B7CE88650BA1C" deprecated="false"/>
    <element institution="48" nation="58" name="Norsk Polarinstitutt" adress="Polarmiljøsenteret, 9296 Tromsø" phone="+47 77 75 05 00" email="npweb.npolar.no" id="580AE15A060A2C3080D7F6093CF51E4E" deprecated="false"/>
    <element institution="53" nation="58" name="Statens kartverk, Sjøkartverket" adress="Stavanger" phone="" email="statkart.no" id="F111732F54FC0A16DA376771D872FCCE" deprecated="false"/>
    <element institution="3" nation="58" name="Universitetet i Bergen" adress="5020 Bergen" phone="+47 55 21 30 50" email="" id="99B8AAD45123F7AF947E76F8A8CDC454" deprecated="false"/>
    <element institution="30" nation="58" name="Universitetet i Tromsø" adress="9001 Tromsø" phone="+47 77 64 40 00" email="" id="80C3C77A863D682A26676CE261C47692" deprecated="false"/>
</institutionList>
