<?xml version="1.0" encoding="UTF-8" standalone="yes"?>
<list xmlns="http://www.imr.no/formats/nmdreference/v1" tableName="Lengdeenhet" description="Angir hvilke intervall som er brukt ved måling av lengden" lookupName="Lengdeenhet">
    <lastChanged>2011-11-24T00:00:00.000+01:00</lastChanged>
    <element shortname="1 mm" name="1" description="1 mm" validFrom="1900-01-01T00:00:00.000+01:00" validTo="7777-01-01T00:00:00.000+01:00" id="A3A030D29F4E7337CE93A1B9740EE559" deprecated="false"/>
    <element shortname="5 mm" name="2" description="5 mm" validFrom="1900-01-01T00:00:00.000+01:00" validTo="7777-01-01T00:00:00.000+01:00" id="EE07F2DF7A53BA805AB8BA5C13788351" deprecated="false"/>
    <element shortname="1 cm" name="3" description="1 cm" validFrom="1900-01-01T00:00:00.000+01:00" validTo="7777-01-01T00:00:00.000+01:00" id="05C3240E5F4E6E85D535EC5EDB6AEC4B" deprecated="false"/>
    <element shortname="3 cm" name="4" description="3 cm" validFrom="1900-01-01T00:00:00.000+01:00" validTo="7777-01-01T00:00:00.000+01:00" id="6CB03E01E97022FC603533E398ACCFFC" deprecated="false"/>
    <element shortname="5 cm" name="5" description="5 cm" validFrom="1900-01-01T00:00:00.000+01:00" validTo="7777-01-01T00:00:00.000+01:00" id="B3EECB29CE76B9FE76046010AA19E851" deprecated="false"/>
    <element shortname="0.5 mm" name="6" description="0.5 mm" validFrom="1900-01-01T00:00:00.000+01:00" validTo="7777-01-01T00:00:00.000+01:00" id="0284A43AD2892DEA43E95B881198C1FA" deprecated="false"/>
    <element shortname="0.1 mm" name="7" description="0.1 mm" validFrom="1900-01-01T00:00:00.000+01:00" validTo="7777-01-01T00:00:00.000+01:00" id="120D66ED056704B4E9D0F2EA06B9FB64" deprecated="false"/>
</list>
