<?xml version="1.0" encoding="UTF-8" standalone="yes"?>
<list xmlns="http://www.imr.no/formats/nmdreference/v1" tableName="Lengthmeasurementtype" description="Metode for hvordan arten er målt. For fisk måles lengde, for manet diameter, for krepsdyr carapaxle (T:61)" lookupName="Lengthmeasurementtype">
    <lastChanged>2014-05-07T00:00:00.000+02:00</lastChanged>
    <element shortname="" name="A" description="Diameter" validFrom="1900-01-01T00:00:00.000+01:00" validTo="7777-01-01T00:00:00.000+01:00" id="03CD1C311AEBCF976C3F3F09ECC0E36F" deprecated="false"/>
    <element shortname="" name="" description="Ikke observert" validFrom="1900-01-01T00:00:00.000+01:00" validTo="7777-01-01T00:00:00.000+01:00" id="0344284FF57C07A1718A99D358C2C987" deprecated="false"/>
    <element shortname="" name="B" description="Kappelengde" validFrom="1900-01-01T00:00:00.000+01:00" validTo="7777-01-01T00:00:00.000+01:00" id="FCE8F8989818039124DD1A63FF9A2A7E" deprecated="false"/>
    <element shortname="" name="C" description="Carapaxlengde" validFrom="1900-01-01T00:00:00.000+01:00" validTo="7777-01-01T00:00:00.000+01:00" id="347252F3481D003DABB1C5F6681C793A" deprecated="false"/>
    <element shortname="" name="D" description="Hodelengde" validFrom="1900-01-01T00:00:00.000+01:00" validTo="7777-01-01T00:00:00.000+01:00" id="108E96C1E98EC2F12935FCF342E5B4FE" deprecated="false"/>
    <element shortname=" " name="S" description="Skallhøyde" validFrom="2012-01-01T00:00:00.000+01:00" validTo="7777-01-01T00:00:00.000+01:00" id="19e12927e5214a55aab6ed56e579be3c" deprecated="false"/>
    <element shortname="" name="E" description="Snute til enden av sporen(uberørt)" validFrom="1900-01-01T00:00:00.000+01:00" validTo="7777-01-01T00:00:00.000+01:00" id="69F621F038A834C4D62BD9D9DA2B4FDE" deprecated="false"/>
    <element shortname="" name="F" description="Snute til enden av sporen (sammenknepet)" validFrom="1900-01-01T00:00:00.000+01:00" validTo="7777-01-01T00:00:00.000+01:00" id="205C03E0E692E469CF4E880A0BFD2677" deprecated="false"/>
    <element shortname="" name="G" description="Snute til forkant gattfinne" validFrom="1900-01-01T00:00:00.000+01:00" validTo="7777-01-01T00:00:00.000+01:00" id="4A3DB185D62226C604CFEF5C59DB34B1" deprecated="false"/>
    <element shortname="" name="H" description="Snute til akterkant ryggfinne" validFrom="1900-01-01T00:00:00.000+01:00" validTo="7777-01-01T00:00:00.000+01:00" id="36270E825D7C7F5CA6038CC14B5C3E95" deprecated="false"/>
    <element shortname="" name="I" description="Snute til innerst i sporen (gaffellengde)" validFrom="1900-01-01T00:00:00.000+01:00" validTo="7777-01-01T00:00:00.000+01:00" id="CB8A71DDFF90D1921DCB8D953857C343" deprecated="false"/>
    <element shortname="" name="J" description="Snute til beinknute i haleroten (standardlengde)" validFrom="1900-01-01T00:00:00.000+01:00" validTo="7777-01-01T00:00:00.000+01:00" id="BBFA467DE5209C5B8C72FF68900EDD66" deprecated="false"/>
    <element shortname="" name="K" description="Hodekappet lengde" validFrom="1900-01-01T00:00:00.000+01:00" validTo="7777-01-01T00:00:00.000+01:00" id="D97A1A3CFB53C119614B8BA0E4044537" deprecated="false"/>
    <element shortname="" name="L" description="Carapaxbredde" validFrom="1900-01-01T00:00:00.000+01:00" validTo="7777-01-01T00:00:00.000+01:00" id="B4197987F525AB9C03A698B46030BA9C" deprecated="false"/>
    <element shortname="" name="M" description="Høyre klo bredde" validFrom="1900-01-01T00:00:00.000+01:00" validTo="7777-01-01T00:00:00.000+01:00" id="BCA35D5759AE2C00FABBB20897476BC2" deprecated="false"/>
    <element shortname="" name="N" description="Høyre klo lengde" validFrom="1900-01-01T00:00:00.000+01:00" validTo="7777-01-01T00:00:00.000+01:00" id="116174CB403CA8BD957394C7506F5F73" deprecated="false"/>
    <element shortname="" name="O" description="Merus av tredje fot lengde" validFrom="1900-01-01T00:00:00.000+01:00" validTo="7777-01-01T00:00:00.000+01:00" id="46DACBBE1BBB3053846F7FB7174A5923" deprecated="false"/>
    <element shortname="" name="P" description="Merus av tredje fot bredde" validFrom="1900-01-01T00:00:00.000+01:00" validTo="7777-01-01T00:00:00.000+01:00" id="393F66DBDD1331E83E976F1CEB912894" deprecated="false"/>
    <element shortname="" name="R" description="Japankutt" validFrom="1900-01-01T00:00:00.000+01:00" validTo="7777-01-01T00:00:00.000+01:00" id="CAF13BFC437D47D7CE45C2A1E0DEB07F" deprecated="false"/>
</list>
