<?xml version="1.0" encoding="UTF-8" standalone="yes"?>
<list xmlns="http://www.imr.no/formats/nmdreference/v1" tableName="Livsstadium" description="Liste av livsstadier som er brukt i beskrivelsen i atlas for artsutbredelse" lookupName="Livsstadium">
    <lastChanged>2011-11-24T00:00:00.000+01:00</lastChanged>
    <element shortname="Ikke bestemt" name="0" description="Ikke bestemt" validFrom="1900-01-01T00:00:00.000+01:00" validTo="7777-01-01T00:00:00.000+01:00" id="BDD38CA2DBCD3181741FEDB2B25F6F90" deprecated="false"/>
    <element shortname="Egg" name="1" description="Egg" validFrom="1900-01-01T00:00:00.000+01:00" validTo="7777-01-01T00:00:00.000+01:00" id="A37D541FF3CF581703C05C4A8AD225F0" deprecated="false"/>
    <element shortname="Larve" name="2" description="Larve" validFrom="1900-01-01T00:00:00.000+01:00" validTo="7777-01-01T00:00:00.000+01:00" id="3C7B67CE56297CF79E8D0F855E8537E8" deprecated="false"/>
    <element shortname="0-gruppe" name="3" description="0-gruppe" validFrom="1900-01-01T00:00:00.000+01:00" validTo="7777-01-01T00:00:00.000+01:00" id="4379729AE4980125A7A2CC4DC9DFAB02" deprecated="false"/>
    <element shortname="Umoden" name="4" description="Umoden" validFrom="1900-01-01T00:00:00.000+01:00" validTo="7777-01-01T00:00:00.000+01:00" id="D0FE5633E40CCCABD841CBBCCFB06641" deprecated="false"/>
    <element shortname="Kjønnsmoden" name="5" description="Kjønnsmoden" validFrom="1900-01-01T00:00:00.000+01:00" validTo="7777-01-01T00:00:00.000+01:00" id="D15EDE7D9F8B054417A31F9B3A909053" deprecated="false"/>
</list>
