<?xml version="1.0" encoding="UTF-8" standalone="yes"?>
<list xmlns="http://www.imr.no/formats/nmdreference/v1" tableName="Magefylling" description="Magefyllingsgrad" lookupName="Magefylling">
    <lastChanged>2011-11-24T00:00:00.000+01:00</lastChanged>
    <element shortname="Ikke bestemt" name="" description="Ikke bestemt" validFrom="1900-01-01T00:00:00.000+01:00" validTo="7777-01-01T00:00:00.000+01:00" id="15C6EFA6679A40BA198C156B570551CF" deprecated="false"/>
    <element shortname="Tom" name="1" description="Tom" validFrom="1900-01-01T00:00:00.000+01:00" validTo="7777-01-01T00:00:00.000+01:00" id="0CB5CD763A27BB37C0CB46416BE46561" deprecated="false"/>
    <element shortname="Meget lite innhold" name="2" description="Meget lite innhold" validFrom="1900-01-01T00:00:00.000+01:00" validTo="7777-01-01T00:00:00.000+01:00" id="E4248D6371A6D453C440E7198FD090AF" deprecated="false"/>
    <element shortname="Noe innhold" name="3" description="Noe innhold" validFrom="1900-01-01T00:00:00.000+01:00" validTo="7777-01-01T00:00:00.000+01:00" id="EDF663B1466487950E3AAB790E2F7263" deprecated="false"/>
    <element shortname="Full" name="4" description="Full" validFrom="1900-01-01T00:00:00.000+01:00" validTo="7777-01-01T00:00:00.000+01:00" id="43F3B7DB64D8AE0B39B6475DAC02A0DB" deprecated="false"/>
    <element shortname="Utsprengt" name="5" description="Utsprengt" validFrom="1900-01-01T00:00:00.000+01:00" validTo="7777-01-01T00:00:00.000+01:00" id="F6F436516177BD7250C35400784FE48E" deprecated="false"/>
    <element shortname="Vrengt" name="6" description="Vrengt" validFrom="1900-01-01T00:00:00.000+01:00" validTo="7777-01-01T00:00:00.000+01:00" id="7F31118A47DEB281A9F5B46724A0698B" deprecated="false"/>
</list>
