<?xml version="1.0" encoding="UTF-8" standalone="yes"?>
<list xmlns="http://www.imr.no/formats/nmdreference/v1" tableName="MARKINGTYPE" description="Beskrivelse av merketypen som er brukt (V:101)." lookupName="MARKINGTYPE">
    <lastChanged>2012-06-27T00:00:00.000+02:00</lastChanged>
    <element shortname="Datalagringsmerke" name="L" description="Datalagringsmerke" validFrom="1900-01-01T00:00:00.000+01:00" validTo="7777-01-01T00:00:00.000+01:00" id="78A6BDD082422CC23EBA60B2DEB472CC" deprecated="false"/>
    <element shortname="Ikke kontrollert" name="" description="Ikke kontroll på innvendig merke" validFrom="1900-01-01T00:00:00.000+01:00" validTo="7777-01-01T00:00:00.000+01:00" id="3B6A0ECDCF051AB8AB8E0DCDF7A8CA62" deprecated="false"/>
    <element shortname="Ikke merket (kontrollert)" name="A" description="Ikke merket (kontrollert)" validFrom="1900-01-01T00:00:00.000+01:00" validTo="7777-01-01T00:00:00.000+01:00" id="53BE81A6D4B889476318AF518931697D" deprecated="false"/>
    <element shortname="Floy-merke" name="B" description="Floy-merke" validFrom="1900-01-01T00:00:00.000+01:00" validTo="7777-01-01T00:00:00.000+01:00" id="CC43D646C8B07773C4D7D115F081DDBC" deprecated="false"/>
    <element shortname="T-tag" name="C" description="T-tag" validFrom="1900-01-01T00:00:00.000+01:00" validTo="7777-01-01T00:00:00.000+01:00" id="38FB75DC3B6880ED5D157DF4ED833D2E" deprecated="false"/>
    <element shortname="Oxytetracycline (OTC-merke)" name="D" description="Oxytetracycline (OTC-merke)" validFrom="1900-01-01T00:00:00.000+01:00" validTo="7777-01-01T00:00:00.000+01:00" id="9858863E20901F64990F92B47240DDAA" deprecated="false"/>
    <element shortname="2xOTC" name="E" description="2xOTC" validFrom="1900-01-01T00:00:00.000+01:00" validTo="7777-01-01T00:00:00.000+01:00" id="99301BFB2EBF42922759BD8D96CB708B" deprecated="false"/>
    <element shortname="Alizarin" name="F" description="Alizarin" validFrom="1900-01-01T00:00:00.000+01:00" validTo="7777-01-01T00:00:00.000+01:00" id="452B78057403F972DA8ED5A55164FEA9" deprecated="false"/>
    <element shortname="Genetisk merket" name="G" description="Genetisk merket" validFrom="1900-01-01T00:00:00.000+01:00" validTo="7777-01-01T00:00:00.000+01:00" id="C2D2DCB703E83F1A4D59656323644C7C" deprecated="false"/>
    <element shortname="Floy + Genetisk" name="H" description="Floy + Genetisk" validFrom="1900-01-01T00:00:00.000+01:00" validTo="7777-01-01T00:00:00.000+01:00" id="BBD7572FA75BDC27871776271EDF7627" deprecated="false"/>
    <element shortname="T-tag + Genetisk" name="I" description="T-tag + Genetisk" validFrom="1900-01-01T00:00:00.000+01:00" validTo="7777-01-01T00:00:00.000+01:00" id="6A0DBE090AB338A128211D04D3CA751D" deprecated="false"/>
    <element shortname="OTC + Genetisk" name="J" description="OTC + Genetisk" validFrom="1900-01-01T00:00:00.000+01:00" validTo="7777-01-01T00:00:00.000+01:00" id="BD143BFA0DBF3296E07EAFABDE4E5CB4" deprecated="false"/>
    <element shortname="Alizarin + Genetisk" name="K" description="Alizarin + Genetisk" validFrom="1900-01-01T00:00:00.000+01:00" validTo="7777-01-01T00:00:00.000+01:00" id="A20613DCC14CB3E3ADFE862D16CFFD6B" deprecated="false"/>
    <element shortname="Lea" name="N" description="Lea" validFrom="1900-01-01T00:00:00.000+01:00" validTo="7777-01-01T00:00:00.000+01:00" id="1960BAA7F766B0ED6D76178D1FA46AB4" deprecated="false"/>
    <element shortname="Sild" name="O" description="Sild" validFrom="1900-01-01T00:00:00.000+01:00" validTo="7777-01-01T00:00:00.000+01:00" id="9C7307602CDBE2042B8CCF011C3EFC79" deprecated="false"/>
    <element shortname="Øye" name="P" description="Øye" validFrom="1900-01-01T00:00:00.000+01:00" validTo="7777-01-01T00:00:00.000+01:00" id="32EF4740DE570028BC24185586E8067A" deprecated="false"/>
    <element shortname="Carlin" name="Q" description="Carlin" validFrom="1900-01-01T00:00:00.000+01:00" validTo="7777-01-01T00:00:00.000+01:00" id="E522EB353D95F0CD549442A237409F27" deprecated="false"/>
    <element shortname="Snute" name="R" description="Snute" validFrom="1900-01-01T00:00:00.000+01:00" validTo="7777-01-01T00:00:00.000+01:00" id="5D0BE6B014B246C55EF25B22D1B85F9F" deprecated="false"/>
    <element shortname="Fettfinneklippet" name="S" description="Fettfinneklippet" validFrom="1900-01-01T00:00:00.000+01:00" validTo="7777-01-01T00:00:00.000+01:00" id="3EA526EF8D54FE672003340FB4559E69" deprecated="false"/>
    <element shortname="Finneklippet" name="T" description="Finneklippet" validFrom="1900-01-01T00:00:00.000+01:00" validTo="7777-01-01T00:00:00.000+01:00" id="85C5BB02EDAC8BCC7C03C32D22FF08CA" deprecated="false"/>
    <element shortname="Frysemerket" name="U" description="Frysemerket" validFrom="1900-01-01T00:00:00.000+01:00" validTo="7777-01-01T00:00:00.000+01:00" id="89148ABB451070DA56C3187660965134" deprecated="false"/>
    <element shortname="Tatovering" name="V" description="Tatovering" validFrom="1900-01-01T00:00:00.000+01:00" validTo="7777-01-01T00:00:00.000+01:00" id="82962F9E931A45FB745F9C3F794FEFF3" deprecated="false"/>
    <element shortname="Rømt oppdrettsfisk" name="W" description="Rømt oppdrettsfisk" validFrom="1900-01-01T00:00:00.000+01:00" validTo="7777-01-01T00:00:00.000+01:00" id="4F99139677D610F037055EEBC4F9B18E" deprecated="false"/>
    <element shortname="Krabbebeinmerke" name="X" description="Krabbebeinmerke" validFrom="1900-01-01T00:00:00.000+01:00" validTo="7777-01-01T00:00:00.000+01:00" id="EFB4A217D1D70335434746EB16B38293" deprecated="false"/>
    <element shortname="Micromerket" name="Y" description="Micromerket" validFrom="1900-01-01T00:00:00.000+01:00" validTo="7777-01-01T00:00:00.000+01:00" id="62EFED77B8EB9F075CED8722A8E18D89" deprecated="false"/>
    <element shortname="Lea + noen Data Storage Tag" name="Z" description="Lea + noen Data Storage Tag" validFrom="1900-01-01T00:00:00.000+01:00" validTo="7777-01-01T00:00:00.000+01:00" id="B79892948574C07F2A36ACDB37C04B5A" deprecated="false"/>
    <element shortname="Floy + noen Data Storage Tag" name="1" description="Floy + noen Data Storage Tag" validFrom="1900-01-01T00:00:00.000+01:00" validTo="7777-01-01T00:00:00.000+01:00" id="C8D3060BCADEEF021AA7BB20B27AB205" deprecated="false"/>
    <element shortname="Floy + OTC" name="2" description="Floy + OTC" validFrom="1900-01-01T00:00:00.000+01:00" validTo="7777-01-01T00:00:00.000+01:00" id="CBE5D789110ACD5035ECD6172A675C99" deprecated="false"/>
</list>
