<?xml version="1.0" encoding="UTF-8" standalone="yes"?>
<missionTypeList xmlns="http://www.imr.no/formats/nmdreference/v1">
    <lastChanged>2015-03-16T00:00:00.000+01:00</lastChanged>
    <element code="4" description="Forskningsfartøy" id="CBA55215BBEE94E4F0FFB413ECE3D638" deprecated="false"/>
    <element code="6" description="Turistfiske" id="100F5BC4916742B84DC838C79B014204" deprecated="false"/>
    <element code="3" description="Referanseflåten-Kyst" id="C2AE4D019D7AFF4F710AE88D7E7C1DD9" deprecated="false"/>
    <element code="2" description="Referanseflåten-Hav" id="65D47E7FBE5A796ED8708465BACB1F7F" deprecated="false"/>
    <element code="5" description="Leiefartøy" id="676A700418F156DAA7BE75C8A280E3A3" deprecated="false"/>
    <element code="7" description="Fritidsfiske" id="A8F021A2AC495D108E5E706BB776B3FB" deprecated="false"/>
    <element code="8" description="Radioaktivitet" id="5291347051592D70611BD61C369D4AA9" deprecated="false"/>
    <element code="10" description="Kystvakt" id="cd9e7e5d2a22496cb63c144a1b82c1f5" deprecated="false"/>
    <element code="11" description="Prøvebåt" id="5885734a0d4a48dea38a4098f987df34" deprecated="false"/>
    <element code="12" description="Møreforskning" id="8592c29233384c94a946b347e3676160" deprecated="false"/>
    <element code="13" description="Overvåkningstjenesten-Innleid fartøy" id="95228e6883324878aeb2b424ae816ecf" deprecated="false"/>
    <element code="9" description="Overvåkningstjenesten-Kommersielt fiske" id="46dbc8780b4947e09affa38735bd45e0" deprecated="false"/>
    <element code="14" description="Faste stasjoner" id="dd9e8e5d2a22496cb63c144a1b82c1f5" deprecated="false"/>
    <element code="1" description="Kommersielle prøver" id="152D38294EE828EB23959EC4BDCCD263" deprecated="false"/>
</missionTypeList>
