<?xml version="1.0" encoding="UTF-8" standalone="yes"?>
<list xmlns="http://www.imr.no/formats/nmdreference/v1" tableName="Multidybde hal" description="Tråling i flere dybder" lookupName="Multidybde hal">
    <lastChanged>2011-11-24T00:00:00.000+01:00</lastChanged>
    <element shortname="Overflaten" name="9001" description="Tråling i overflaten " validFrom="1900-01-01T00:00:00.000+01:00" validTo="7777-01-01T00:00:00.000+01:00" id="1F46CC0E0BE772B298F9A2FB317668E9" deprecated="false"/>
    <element shortname="0,20 m" name="9002" description="Tråling i 0 og 20 meter " validFrom="1900-01-01T00:00:00.000+01:00" validTo="7777-01-01T00:00:00.000+01:00" id="C44709882303B8DFC760CEF9BC17EF0E" deprecated="false"/>
    <element shortname="0,20,40 m" name="9003" description="Tråling i 0, 20 og 40 meter " validFrom="1900-01-01T00:00:00.000+01:00" validTo="7777-01-01T00:00:00.000+01:00" id="902E5EE95236DF2DDB5E2A54DF9E34A0" deprecated="false"/>
    <element shortname="0,20,40,60 m" name="9004" description="Tråling i 0, 20, 40 og 60 meter " validFrom="1900-01-01T00:00:00.000+01:00" validTo="7777-01-01T00:00:00.000+01:00" id="F331670037C3F354B3ADC827F7F03571" deprecated="false"/>
    <element shortname="0,20,40,60,80 m" name="9005" description="Tråling i 0, 20, 40, 60 og 80 meter " validFrom="1900-01-01T00:00:00.000+01:00" validTo="7777-01-01T00:00:00.000+01:00" id="5B3B5FCF51A49EE2B2549E90D6354E67" deprecated="false"/>
    <element shortname="20 m" name="9006" description="Tråling i 20 meter " validFrom="1900-01-01T00:00:00.000+01:00" validTo="7777-01-01T00:00:00.000+01:00" id="CE50797FFD2FDB79EC2E8AD447B01F9E" deprecated="false"/>
    <element shortname="80 m" name="9013" description="Tråling i 80 meter " validFrom="1900-01-01T00:00:00.000+01:00" validTo="7777-01-01T00:00:00.000+01:00" id="E732D39468E8F974E6792BDCCD9D6403" deprecated="false"/>
    <element shortname="20,40 m" name="9007" description="Tråling i 20 og 40 meter " validFrom="1900-01-01T00:00:00.000+01:00" validTo="7777-01-01T00:00:00.000+01:00" id="E972807EE8F69A199C12B153BFCDFD11" deprecated="false"/>
    <element shortname="20,40,60 m" name="9008" description="Tråling i 20, 40 og 60 meter " validFrom="1900-01-01T00:00:00.000+01:00" validTo="7777-01-01T00:00:00.000+01:00" id="E1615F1D32168336AD932A4965B0F275" deprecated="false"/>
    <element shortname="40 m" name="9009" description="Tråling i 40 meter " validFrom="1900-01-01T00:00:00.000+01:00" validTo="7777-01-01T00:00:00.000+01:00" id="CE4F5D052E6B9F429D78A81FFE27B38E" deprecated="false"/>
    <element shortname="40,60 m" name="9010" description="Tråling i 40 og 60 meter " validFrom="1900-01-01T00:00:00.000+01:00" validTo="7777-01-01T00:00:00.000+01:00" id="1215DF633597C2B5A2A5B43BB603F60C" deprecated="false"/>
    <element shortname="60 m" name="9011" description="Tråling i 60 meter " validFrom="1900-01-01T00:00:00.000+01:00" validTo="7777-01-01T00:00:00.000+01:00" id="072AAF818943AFD515E428B87B4E9B8C" deprecated="false"/>
    <element shortname="60,80 m" name="9012" description="Tråling i 60 og 80 meter " validFrom="1900-01-01T00:00:00.000+01:00" validTo="7777-01-01T00:00:00.000+01:00" id="59E46433275F6342A388D47516274FED" deprecated="false"/>
    <element shortname="0,30 m" name="9014" description="Tråling i 0 og 30 meter " validFrom="1900-01-01T00:00:00.000+01:00" validTo="7777-01-01T00:00:00.000+01:00" id="AE1C466216975BF881474F952C0AAEBE" deprecated="false"/>
    <element shortname="0,10,20,30,40,50 m" name="9015" description="Tråling i 0, 10, 20, 30, 40 og 50 meter " validFrom="1900-01-01T00:00:00.000+01:00" validTo="7777-01-01T00:00:00.000+01:00" id="5B54CF6DE12EE0FD7426657A93B25F0E" deprecated="false"/>
    <element shortname="0,20,40,60,80,100 m" name="9016" description="Tråling i 0, 20, 40, 60, 80 og 100 meter " validFrom="1900-01-01T00:00:00.000+01:00" validTo="7777-01-01T00:00:00.000+01:00" id="BF95F046360A94ADF11264BE0EB3383C" deprecated="false"/>
    <element shortname="0,20,40,60,80,100,120 m" name="9017" description="Tråling i 0, 20, 40, 60, 80,100 og 120 meter " validFrom="1900-01-01T00:00:00.000+01:00" validTo="7777-01-01T00:00:00.000+01:00" id="8A2298FA2C5B2D80D184030EEBD6478C" deprecated="false"/>
    <element shortname="60,80,100 m" name="9018" description="Tråling i 60, 80 og 100 meter " validFrom="1900-01-01T00:00:00.000+01:00" validTo="7777-01-01T00:00:00.000+01:00" id="8F827AAB871C45D19113F3DA6456DA2C" deprecated="false"/>
</list>
