<?xml version="1.0" encoding="UTF-8" standalone="yes"?>
<nationList xmlns="http://www.imr.no/formats/nmdreference/v1">
    <lastChanged>2009-02-01T00:00:00.000+01:00</lastChanged>
    <element nation="158" nationioc="AF" nationname="Afghanistan" id="FB1D21042826B438C4912934113925F6" deprecated="false"/>
    <element nation="72" nationioc="72" nationname="Albania" id="AC22CBC8187A85FE557D49BEFA1372DA" deprecated="false"/>
    <element nation="100" nationioc="AL" nationname="Algeria" id="9C66D5CDE1CF8B0BDC4F6E21EC58D8B2" deprecated="false"/>
    <element nation="157" nationioc="AD" nationname="Andorra" id="66EDD5DA4279218C882EF24355BA8DA3" deprecated="false"/>
    <element nation="101" nationioc="AN" nationname="Angola" id="19C139CDD6FE5225348522B2C916D386" deprecated="false"/>
    <element nation="8" nationioc="08" nationname="Argentina" id="C925A55CA5D9C60B18715291FC594953" deprecated="false"/>
    <element nation="159" nationioc="AM" nationname="Armenia" id="CD245A00A4349DF8781A4AA4586630DE" deprecated="false"/>
    <element nation="160" nationioc="AW" nationname="Aruba" id="DE465E349B55429ED61A5F8A6D0BF7A1" deprecated="false"/>
    <element nation="9" nationioc="09" nationname="Australia" id="164F5F0FD9C94CAF3FA22EB5DE76EABB" deprecated="false"/>
    <element nation="10" nationioc="10" nationname="Austria" id="BDD3B8AD4B0C0BEEA3DB4B22BE5574A8" deprecated="false"/>
    <element nation="161" nationioc="AZ" nationname="Azerbaijan" id="D85E1C8338DC5978FB76E0A163904FCF" deprecated="false"/>
    <element nation="102" nationioc="BH" nationname="Bahamas" id="D1583429DABA809BFF669C8CAB992C0E" deprecated="false"/>
    <element nation="162" nationioc="BB" nationname="Bahrain" id="C004C7294F9609FF18ADCF226E698033" deprecated="false"/>
    <element nation="103" nationioc="BG" nationname="Bangladesh" id="BA25AABDDFCDA73E09CD9AA894C34193" deprecated="false"/>
    <element nation="104" nationioc="BA" nationname="Barbados" id="86817B2A8FE1D0263DEF41AE408B2285" deprecated="false"/>
    <element nation="11" nationioc="11" nationname="Belgium" id="25D800422C77DA98AB8B0AC15B75A961" deprecated="false"/>
    <element nation="171" nationioc="BZ" nationname="Belize" id="E333FB1CCA7CC450D6BACCE4F9D01C38" deprecated="false"/>
    <element nation="166" nationioc="BL" nationname="Belorussia" id="956D78DA932FD74749FE2465A0311E73" deprecated="false"/>
    <element nation="109" nationioc="DA" nationname="Benin (Dahomey)" id="94193FBECB195D4B30E8FF5BB8CFD7FD" deprecated="false"/>
    <element nation="169" nationioc="BT" nationname="Bhutan" id="C7682FAD8BDD372C74CB40563B61C453" deprecated="false"/>
    <element nation="13" nationioc="13" nationname="Bolivia" id="894C46CF48CC9059D558DFA845F6545B" deprecated="false"/>
    <element nation="168" nationioc="BN" nationname="Bonaire" id="24C06ACA4874B2D47903539D397A7D51" deprecated="false"/>
    <element nation="163" nationioc="BC" nationname="Bosnia and Herzegowina" id="1BFF1FB4C2DC2E38CD29AC4A66EFB48F" deprecated="false"/>
    <element nation="170" nationioc="BW" nationname="Botswana" id="D5DF83843448BC2FDDF3120356701284" deprecated="false"/>
    <element nation="14" nationioc="14" nationname="Brazil" id="DBD1570519D3BBA76694DF2C62E9107A" deprecated="false"/>
    <element nation="167" nationioc="BM" nationname="Brunei Darussalam" id="0C24215E61D6145A1F60F8442087013B" deprecated="false"/>
    <element nation="15" nationioc="15" nationname="Bulgaria" id="2F8202DCF78E5AF95D77FC0522A81C61" deprecated="false"/>
    <element nation="164" nationioc="BF" nationname="Burkina Faso" id="4E432C1962FDF407A2DD0E7EC098AEBC" deprecated="false"/>
    <element nation="12" nationioc="12" nationname="Burma (Myanmar)" id="3AA1751891BE695D023B066FEBEF5786" deprecated="false"/>
    <element nation="165" nationioc="BI" nationname="Burundi" id="0F144BAFF5BFEF5E9495B4864F1A3A17" deprecated="false"/>
    <element nation="184" nationioc="KH" nationname="Cambodia" id="99B2CC90900DDAFEBE35B526295B3A8D" deprecated="false"/>
    <element nation="17" nationioc="17" nationname="Cameroon" id="FA7A361DA701459BD0C3B50268DCF024" deprecated="false"/>
    <element nation="18" nationioc="18" nationname="Canada" id="B8D5E8AC89B7B650930AE8B84124FBBC" deprecated="false"/>
    <element nation="107" nationioc="CV" nationname="Cape Verde" id="0A97E863BE349B9DA595F08483F9BE08" deprecated="false"/>
    <element nation="174" nationioc="CI" nationname="Cayman Islands" id="1C46DD7D2F44FB16C932BAE6EBD2548C" deprecated="false"/>
    <element nation="173" nationioc="CF" nationname="Central African Republic" id="F89C588E5F400105AF7F5DF8B0C45A3B" deprecated="false"/>
    <element nation="211" nationioc="TD" nationname="Chad" id="8B0078EBD6620CF866D38ED41C9BD05D" deprecated="false"/>
    <element nation="20" nationioc="20" nationname="Chile" id="781B969DB966C1EDA43B4C1197FE93BD" deprecated="false"/>
    <element nation="76" nationioc="76" nationname="China" id="9E246EE1945F0E8FE292EB810A660654" deprecated="false"/>
    <element nation="22" nationioc="22" nationname="Colombia" id="360D5CD8FB0C1235FECAC57C82C936AB" deprecated="false"/>
    <element nation="186" nationioc="KM" nationname="Comoro Islands" id="EF3011C41E042299A1DFC430B47D5BBD" deprecated="false"/>
    <element nation="139" nationioc="RC" nationname="Congo" id="B4EEA7DF21D0C7BCA1EB231154D6ABBB" deprecated="false"/>
    <element nation="105" nationioc="CR" nationname="Costa Rica" id="E893BFDB911A98F8CB81AE80B6B5ED22" deprecated="false"/>
    <element nation="182" nationioc="HR" nationname="Croatia" id="11715F3B7659668BAB99F48C7408DD80" deprecated="false"/>
    <element nation="106" nationioc="CU" nationname="Cuba" id="C4D115E1C585131760B0D99CA6197388" deprecated="false"/>
    <element nation="172" nationioc="CA" nationname="Curacao" id="9F5E101B522A0BF8515E70AB2B3293CE" deprecated="false"/>
    <element nation="108" nationioc="CY" nationname="Cyprus" id="6B26AB1FC9D9C8EF96DF3D7DEA75A657" deprecated="false"/>
    <element nation="175" nationioc="CZ" nationname="Czech Republic" id="01FE1DD553A8F55A76EFB0DB999B7705" deprecated="false"/>
    <element nation="26" nationioc="26" nationname="Denmark" pgnapescode="DK" id="080FFA9A6A294D1F9854A2EDACBE59A7" deprecated="false"/>
    <element nation="176" nationioc="DJ" nationname="Djibouti" id="7CA8A611489FE89080C60B52B531DE4F" deprecated="false"/>
    <element nation="70" nationioc="70" nationname="Dominican Republic" id="53B959808ACE8C675DB86E15BFA5CF67" deprecated="false"/>
    <element nation="28" nationioc="28" nationname="Ecuador" id="28B82C531A5DDE6ACCE48A823876B82D" deprecated="false"/>
    <element nation="27" nationioc="27" nationname="Egypt" id="4F5236E009A6BB496E41CA3014057977" deprecated="false"/>
    <element nation="75" nationioc="75" nationname="El Salvador" id="1CB26CACE9FBFD9D3784499DE5A37C98" deprecated="false"/>
    <element nation="180" nationioc="GQ" nationname="Equatorial Guinea" id="FB3F3AE8364711103603568AB8EAFEDE" deprecated="false"/>
    <element nation="177" nationioc="ER" nationname="Eritrea" id="8059ED463AD41545FA8ACCCAC30F029B" deprecated="false"/>
    <element nation="110" nationioc="ES" nationname="Estonia" id="0B560FFAE937754AC30D3213D5C914B5" deprecated="false"/>
    <element nation="111" nationioc="ET" nationname="Ethiopia" id="1138D7975C58437FB371D7E1A125737C" deprecated="false"/>
    <element nation="300" nationioc="FO" nationname="Faroe Islands" pgnapescode="FO" id="76AF16B54C8D37ACFB17973BE96D9A4F" deprecated="false"/>
    <element nation="112" nationioc="FJ" nationname="Fiji" id="64E936FACBB3B6901E71CE837AE060D7" deprecated="false"/>
    <element nation="34" nationioc="34" nationname="Finland" id="C3D897C8FAA8A931EA93844324CA722F" deprecated="false"/>
    <element nation="35" nationioc="35" nationname="France" id="ABB3A36FE84539C223124170FC043905" deprecated="false"/>
    <element nation="113" nationioc="GA" nationname="Gabon" id="E2C9A13BD9A30C194565BF0F47EEB6E7" deprecated="false"/>
    <element nation="115" nationioc="GM" nationname="Gambia" id="8E0B75F2D8C14F9D47BC1CD2DB0E9601" deprecated="false"/>
    <element nation="179" nationioc="GE" nationname="Georgia" id="6F7C7D6A2C650C1169722B321C1F5F99" deprecated="false"/>
    <element nation="7" nationioc="07" nationname="German Democratic Republic" id="C72A47997A29F44D2FA9D3CEF35BB9DE" deprecated="false"/>
    <element nation="96" nationioc="96" nationname="German Democratic Republic" id="7A03C671692F755A7C3626F062C92DBC" deprecated="false"/>
    <element nation="6" nationioc="06" nationname="Germany, Federal Republic of" pgnapescode="DE" id="E9B81F5F5CA13EE731C15A18305629E2" deprecated="false"/>
    <element nation="114" nationioc="GH" nationname="Ghana" id="4F33763A6B23B8B8854AA672EC42C87D" deprecated="false"/>
    <element nation="36" nationioc="36" nationname="Greece" id="5DAC842416F6A666F04599E87708D54A" deprecated="false"/>
    <element nation="181" nationioc="GR" nationname="Grenada" id="0A59D9FFA9DE5479729F82A0A1C2F3F7" deprecated="false"/>
    <element nation="37" nationioc="37" nationname="Guatemala" id="4C5690F28C3A6B6D4DB1CC9B87ED1F04" deprecated="false"/>
    <element nation="117" nationioc="GU" nationname="Guinea" id="9DFD18A816C3E68A26A512D97EB2BD31" deprecated="false"/>
    <element nation="116" nationioc="GN" nationname="Guinea-Bissau" id="94979DDF8EB7C7C5771DD4E4BB147C83" deprecated="false"/>
    <element nation="118" nationioc="GY" nationname="Guyana" id="227180FF06131E9FCCDBBA7F3D3D64F0" deprecated="false"/>
    <element nation="38" nationioc="38" nationname="Haiti" id="12E7E051614F2FCFAEB3B50688AB40BA" deprecated="false"/>
    <element nation="119" nationioc="HO" nationname="Honduras" id="FA2A86B6F7C4874C1E2957FB29A01485" deprecated="false"/>
    <element nation="183" nationioc="HU" nationname="Hungary" id="697971525C160B2B53961A9C8448B4A3" deprecated="false"/>
    <element nation="46" nationioc="46" nationname="Iceland" pgnapescode="IS" id="DAD0A17A2C5330095200E378C7666A2E" deprecated="false"/>
    <element nation="41" nationioc="41" nationname="India" id="5BC61C0BE9220DA4ACA1A8D0EAC1F3BB" deprecated="false"/>
    <element nation="42" nationioc="42" nationname="Indonesia" id="E3F40BABE2910B2ED54BD9214A6D242B" deprecated="false"/>
    <element nation="121" nationioc="IN" nationname="Intergovernmental/International" id="7CB7BD7C875EFF836A9205E8F457025B" deprecated="false"/>
    <element nation="44" nationioc="44" nationname="Iran" id="D55B6DA1E1D794532D2C4113ABD32868" deprecated="false"/>
    <element nation="43" nationioc="43" nationname="Iraq" id="7396E88CBCFB2E17379583A766A3BD27" deprecated="false"/>
    <element nation="45" nationioc="45" nationname="Ireland" pgnapescode="IE" id="781DF9A28FC746232E25A68A1F142182" deprecated="false"/>
    <element nation="47" nationioc="47" nationname="Israel" id="178D1E745D9B12D1891AA7D08E3FCBCA" deprecated="false"/>
    <element nation="48" nationioc="48" nationname="Italy" id="78AD2CB68865796440D9D1FE62079BFF" deprecated="false"/>
    <element nation="120" nationioc="IC" nationname="Ivory Coast" id="BB3DC7F38609F33AE36285E2A93CBC91" deprecated="false"/>
    <element nation="122" nationioc="JA" nationname="Jamaica" id="231CBFF0059369283ACB8604B989FAFF" deprecated="false"/>
    <element nation="49" nationioc="49" nationname="Japan" id="9B1BC177C215A2005A14582047D991F1" deprecated="false"/>
    <element nation="50" nationioc="50" nationname="Jordan" id="A1FAB810B49CC2348862080562A9943D" deprecated="false"/>
    <element nation="188" nationioc="KZ" nationname="Kazakhstan" id="C06E0981BFA37C8BCBF1B588750A3336" deprecated="false"/>
    <element nation="123" nationioc="KE" nationname="Kenya" id="6854E24F28342F6E55865D3A51BB7956" deprecated="false"/>
    <element nation="185" nationioc="KI" nationname="Kiribati" id="71EC9A1BCC3E15C025F14A307BA059CD" deprecated="false"/>
    <element nation="124" nationioc="KR" nationname="Korea, Democratic People's Republic of" id="25906876602458D3362EFCDE4B93ABA1" deprecated="false"/>
    <element nation="24" nationioc="24" nationname="Korea, Republic of" id="C148EA8E24BA645B0458CDA32E17E9A9" deprecated="false"/>
    <element nation="125" nationioc="KU" nationname="Kuwait" id="08745BF5F6A1088F261EB4450AB6DB88" deprecated="false"/>
    <element nation="190" nationioc="LP" nationname="Lao People's Dem. Republic" id="688D34CA1F7C53CBDBE299394A0228C0" deprecated="false"/>
    <element nation="126" nationioc="LA" nationname="Latvia" id="46F54DB9A358635AF3147839F47AA39A" deprecated="false"/>
    <element nation="52" nationioc="52" nationname="Lebanon" id="564A4B396C8D2277EBA58C04FAC6AAD9" deprecated="false"/>
    <element nation="191" nationioc="LS" nationname="Lesotho" id="46B5B52A26DC58B88898D4E66FD221B4" deprecated="false"/>
    <element nation="54" nationioc="54" nationname="Liberia" id="76F73879B4E86040564EAAB56D998FD4" deprecated="false"/>
    <element nation="53" nationioc="53" nationname="Libya" id="B87CD0986E766F186C65525B4639EE90" deprecated="false"/>
    <element nation="127" nationioc="LT" nationname="Lithuania" id="DD10B6F03F943D6F7DF662E06C489C24" deprecated="false"/>
    <element nation="192" nationioc="LU" nationname="Luxembourg" id="36B8795D722D5DBFC354E2A6E8190F93" deprecated="false"/>
    <element nation="196" nationioc="MK" nationname="Macedonia" id="037CB666481C44396F5B17B9AD834D57" deprecated="false"/>
    <element nation="55" nationioc="55" nationname="Madagascar (Malagasy Republic)" id="67E358154704FEF79C56D627FE5609FE" deprecated="false"/>
    <element nation="199" nationioc="MW" nationname="Malawi" id="C8881906E5BAC784F7BBF54BF4D8FF08" deprecated="false"/>
    <element nation="131" nationioc="MS" nationname="Malaysia" id="DDE53DA03E0684AFFD50623C1595DD06" deprecated="false"/>
    <element nation="198" nationioc="MV" nationname="Maldives" id="6D4DA13D1E346FFA79E20752A88BE91D" deprecated="false"/>
    <element nation="195" nationioc="MI" nationname="Mali" id="E1C6F2F29116EB9B3CAF58F1D0347E89" deprecated="false"/>
    <element nation="129" nationioc="ML" nationname="Malta" id="778A8A615E088A0DC0D4DFC24EE7E67A" deprecated="false"/>
    <element nation="194" nationioc="MH" nationname="Marshall Islands" id="E54B484D8912D45325521F69609FB336" deprecated="false"/>
    <element nation="132" nationioc="MU" nationname="Mauritania" id="4D6F1A8ABB428F5AD5851831D3C7B1F3" deprecated="false"/>
    <element nation="128" nationioc="MA" nationname="Mauritius" id="207E2EE0C3214F40536359D208807E05" deprecated="false"/>
    <element nation="57" nationioc="57" nationname="Mexico" id="062DCA6F0DE8215E6C0233F9C76E79FB" deprecated="false"/>
    <element nation="178" nationioc="FM" nationname="Micronesia, (federated States Of)" id="E211BFD706C3B94FBE21AD6A8CEE5CAE" deprecated="false"/>
    <element nation="193" nationioc="MD" nationname="Moldova" id="5F8BE9D7C29DE77DDDA6745FA1E1F4E4" deprecated="false"/>
    <element nation="130" nationioc="MO" nationname="Monaco" id="A81467A1DE184B9AF2081D3121161372" deprecated="false"/>
    <element nation="197" nationioc="MN" nationname="Mongolia" id="46033633D24B0FB7B750073765125028" deprecated="false"/>
    <element nation="56" nationioc="56" nationname="Morocco" id="628A1D951A3C30295CEDB6666DDEFABB" deprecated="false"/>
    <element nation="133" nationioc="MZ" nationname="Mozambique" id="4143E55FB2F360D8386A120A41F63B7E" deprecated="false"/>
    <element nation="156" nationioc="NA" nationname="Namibia" id="E4BB4B909A6180BEB6CC53DEFF926C2C" deprecated="false"/>
    <element nation="202" nationioc="NR" nationname="Nauru" id="50B9BA3C15269E811F2E940B76F72705" deprecated="false"/>
    <element nation="201" nationioc="NP" nationname="Nepal" id="F8E66F0F1AE02D480F077264EAFA4256" deprecated="false"/>
    <element nation="64" nationioc="64" nationname="Netherlands" pgnapescode="NL" id="E8F5F8EB39F2C74A88B2217F41D52C56" deprecated="false"/>
    <element nation="59" nationioc="59" nationname="New Caledonia" id="32056471E28C38D11408A9550465EADB" deprecated="false"/>
    <element nation="61" nationioc="61" nationname="New Zealand" id="0EF2BE0DB1386FC3F166A8BB00948137" deprecated="false"/>
    <element nation="134" nationioc="NC" nationname="Nicaragua" id="383BE105672BF951BDED0D888B43A264" deprecated="false"/>
    <element nation="200" nationioc="NE" nationname="Niger" id="866FBF8F363A13AF2B555E3E3BD76144" deprecated="false"/>
    <element nation="135" nationioc="NI" nationname="Nigeria" id="662705928BB66FB9A8C6DB9042B2A494" deprecated="false"/>
    <element nation="58" nationioc="58" nationname="Norway" pgnapescode="NO" id="698A1BDE617AFB050FBF716F455B3176" deprecated="false"/>
    <element nation="136" nationioc="OM" nationname="Oman" id="1FA1B4BAFC033F231613E5094DCBCA4B" deprecated="false"/>
    <element nation="62" nationioc="62" nationname="Pakistan" id="183211951A4A7A5F55C75A85D77921E7" deprecated="false"/>
    <element nation="137" nationioc="PA" nationname="Panama" id="5962BA245E32860112FE3779EADB51DB" deprecated="false"/>
    <element nation="203" nationioc="PG" nationname="Papua New Guinea" id="89BB21F41AE277AE68832962C4C73ED6" deprecated="false"/>
    <element nation="204" nationioc="PY" nationname="Paraguay" id="69D032CF1202F5BABEF0647FC03FC04E" deprecated="false"/>
    <element nation="65" nationioc="65" nationname="Peru" id="7FF5F9E0D3E6A392E87EE0757C19B4E6" deprecated="false"/>
    <element nation="66" nationioc="66" nationname="Philippines" id="0724D0AE875D2E1F25901994CFB974C3" deprecated="false"/>
    <element nation="67" nationioc="67" nationname="Poland" id="A5CD703B0D89CE6DE85D8AA48F78918A" deprecated="false"/>
    <element nation="68" nationioc="68" nationname="Portugal" id="1561D55DC6C3E4D50EDAD04B9758BD92" deprecated="false"/>
    <element nation="138" nationioc="QA" nationname="Qatar" id="1F7ABCFF20FA7853DDD8456C707C584E" deprecated="false"/>
    <element nation="73" nationioc="73" nationname="Romania" id="9107AC1C23AABAFFFF0EA329F4B7F44E" deprecated="false"/>
    <element nation="140" nationioc="RU" nationname="Russia" pgnapescode="RU" id="FE40C527C633DF9202A8D5C1189D5FED" deprecated="false"/>
    <element nation="205" nationioc="RW" nationname="Rwanda" id="3BD957FEA86F7182B8D82356590B201D" deprecated="false"/>
    <element nation="187" nationioc="KN" nationname="Saint Kitts and Nevis" id="D94ADC7DC1E19212E661D922D186CAC9" deprecated="false"/>
    <element nation="189" nationioc="LC" nationname="Saint Lucia" id="1E65C3C7FD49CCD2711484568A24653E" deprecated="false"/>
    <element nation="208" nationioc="SR" nationname="San Marino" id="6B1B6C211C88096634C3BF6F542A6A8C" deprecated="false"/>
    <element nation="209" nationioc="ST" nationname="Sao Tome And Principe" id="42D373A96B00333D6EF89941E1E4A879" deprecated="false"/>
    <element nation="141" nationioc="SA" nationname="Saudi Arabia" id="8386DF77F36832C21E7E1C7FD06AA814" deprecated="false"/>
    <element nation="143" nationioc="SE" nationname="Senegal" id="B0263A53AC61A926D652656BE32A4940" deprecated="false"/>
    <element nation="142" nationioc="SC" nationname="Seychelles" id="A7FC00BC7B36A31A148A2978BB5CAB75" deprecated="false"/>
    <element nation="145" nationioc="SL" nationname="Sierra Leone" id="A8238167B7B625A73C23F9397107FDE0" deprecated="false"/>
    <element nation="144" nationioc="SI" nationname="Singapore" id="FE018D854C05F33245C7A0776733874A" deprecated="false"/>
    <element nation="206" nationioc="SK" nationname="Slovakia" id="D2530DE77ADC8D07298CA4C5D040BC98" deprecated="false"/>
    <element nation="207" nationioc="SN" nationname="Slovenia" id="C69C3F1C9ADE8345F546E5251BA1F6C8" deprecated="false"/>
    <element nation="147" nationioc="SO" nationname="Solomon Islands" id="4E8D7CE4E25CCD7A058C0CC92F22D4E3" deprecated="false"/>
    <element nation="146" nationioc="SM" nationname="Somalia" id="A28B31427363CBC3D69C95018DD9E013" deprecated="false"/>
    <element nation="91" nationioc="91" nationname="South Africa" id="2E3ACCAF0AD4B4657C5164EECFDCB375" deprecated="false"/>
    <element nation="29" nationioc="29" nationname="Spain" id="2411590AA428A218F507DDBE1FE60A2C" deprecated="false"/>
    <element nation="19" nationioc="19" nationname="Sri Lanka" id="42352C7318B3EBD3D59A1E15A50F61F6" deprecated="false"/>
    <element nation="148" nationioc="SU" nationname="Sudan" id="C5F7FD596493A70CCA4CFB2D7678BA3A" deprecated="false"/>
    <element nation="79" nationioc="79" nationname="Suriname" id="139FD5D602EC6F626E2B784EBF688748" deprecated="false"/>
    <element nation="210" nationioc="SZ" nationname="Swaziland" id="2943FD9363E8261AA0F53F144A8F116B" deprecated="false"/>
    <element nation="77" nationioc="77" nationname="Sweden" pgnapescode="SE" id="BE8924E16F26FE871BD7F783B64C3F90" deprecated="false"/>
    <element nation="78" nationioc="78" nationname="Switzerland" id="91F5250326AA6B8012EF150F0A8E21A4" deprecated="false"/>
    <element nation="80" nationioc="80" nationname="Syria" id="676617AA58708C07018ADF414A2A6E9C" deprecated="false"/>
    <element nation="21" nationioc="21" nationname="Taiwan" id="D17A3860AD33BABCFA27B6FF44160E60" deprecated="false"/>
    <element nation="212" nationioc="TJ" nationname="Tajikistan" id="F0D04CC70C0811270A44833626298651" deprecated="false"/>
    <element nation="155" nationioc="ZA" nationname="Tanzania" id="BFDDE79B35209FBEE8FC80C8155F26D7" deprecated="false"/>
    <element nation="86" nationioc="86" nationname="Thailand" id="AE53E783F01C19CC9CBBB3F6D415FFA1" deprecated="false"/>
    <element nation="87" nationioc="87" nationname="Togo" id="0EFD8974019620D0D4FEBDEA98EC8AFD" deprecated="false"/>
    <element nation="149" nationioc="TN" nationname="Tonga" id="A7516F1B530EE8BAB2CA71B7BA220459" deprecated="false"/>
    <element nation="150" nationioc="TT" nationname="Trinidad and Tobago" id="41FF9EBD3A8A77FB2254AAB7BC65A025" deprecated="false"/>
    <element nation="88" nationioc="88" nationname="Tunisia" id="71983D4F50D12C3E2893DDC63BCBF421" deprecated="false"/>
    <element nation="89" nationioc="89" nationname="Turkey" id="48A199420E9A9F825668583A1A1A7807" deprecated="false"/>
    <element nation="213" nationioc="TM" nationname="Turkmenistan" id="AAECEF544B931ED6E586C6BB1B00DCA4" deprecated="false"/>
    <element nation="214" nationioc="TV" nationname="Tuvalu" id="441297408397BC9CCB6FFB130E99BC65" deprecated="false"/>
    <element nation="215" nationioc="UG" nationname="Uganda" id="B5A9A040D3972A506A7FA8FCA58B4EDB" deprecated="false"/>
    <element nation="152" nationioc="UR" nationname="Ukraine" id="5441DA199A09BC6070130E5366938EF1" deprecated="false"/>
    <element nation="216" nationioc="UR" nationname="Ukraine" id="1F0E86C42933CB7F0AAE213C8B7C4555" deprecated="false"/>
    <element nation="90" nationioc="90" nationname="Union of Soviet Socialist Republics" id="C76465FAB1FE6B581A423C361D9B45D7" deprecated="false"/>
    <element nation="151" nationioc="UA" nationname="United Arab Emirates" id="E6D97341C2794DAD8B2D8C49EAE31910" deprecated="false"/>
    <element nation="74" nationioc="74" nationname="United Kingdom" id="D1F0DF07CEC285400650DF46EEC8395C" deprecated="false"/>
    <element nation="31" nationioc="31" nationname="United States of America" id="9FF4F69FF108E05D6317B4DE78CE83AA" deprecated="false"/>
    <element nation="32" nationioc="32" nationname="United States of America (alt. code)" id="17101D89B681452C0090210ADEEC4822" deprecated="false"/>
    <element nation="99" nationioc="99" nationname="Unknown/unspecified" id="AF2F96075E76D865AD23891751C03571" deprecated="false"/>
    <element nation="92" nationioc="92" nationname="Uruguay" id="09600D6F5864180354ACAF04098C8670" deprecated="false"/>
    <element nation="217" nationioc="UZ" nationname="Uzbekistan" id="942743B678E30571B3AC97E2257CCD76" deprecated="false"/>
    <element nation="219" nationioc="VU" nationname="Vanuatu" id="5DB672F0757A16564A5B7CD8C2BF17E3" deprecated="false"/>
    <element nation="218" nationioc="VA" nationname="Vatican City State (Holy See)" id="29F3EDAE6C514287F30E4F20813179E5" deprecated="false"/>
    <element nation="93" nationioc="93" nationname="Venezuela" id="030258AC62F0FB001950D1C653A9FDEC" deprecated="false"/>
    <element nation="94" nationioc="94" nationname="Vietnam" id="72449666DD27F8FA6AFB3E13633D65A6" deprecated="false"/>
    <element nation="153" nationioc="WS" nationname="Western Samoa" id="FF618E61568B66B1F2A9142D9F6A3082" deprecated="false"/>
    <element nation="154" nationioc="YM" nationname="Yemen" id="0A7B3B9918E2FFBA7008EAC4A6808823" deprecated="false"/>
    <element nation="95" nationioc="95" nationname="Yugoslavia" id="898C9B1E611BECA737DB4C8545E8D4AD" deprecated="false"/>
    <element nation="221" nationioc="ZR" nationname="Zaire" id="5488944C0BDB2C83D34A27AC0DBCCD68" deprecated="false"/>
    <element nation="220" nationioc="ZM" nationname="Zambia" id="97FA46FA506D5D6E08C2DE0E3463FB2D" deprecated="false"/>
</nationList>
