<?xml version="1.0" encoding="UTF-8" standalone="yes"?>
<list xmlns="http://www.imr.no/formats/nmdreference/v1" tableName="Nutrients_Quality" description="Quality flags for nutrients" lookupName="Nutrients_Quality">
    <lastChanged>2011-11-15T00:00:00.000+01:00</lastChanged>
    <element shortname="No quality control" name="0" description="No quality control has been performed." validFrom="1900-01-01T00:00:00.000+01:00" validTo="7777-01-01T00:00:00.000+01:00" id="29E5558208F98B8B23A101E9F7617452" deprecated="false"/>
    <element shortname="Correct" name="1" description="Appears to be correct." validFrom="1900-01-01T00:00:00.000+01:00" validTo="7777-01-01T00:00:00.000+01:00" id="75036D2ED9FADAA0AACD9B9751439FB3" deprecated="false"/>
    <element shortname="Inconsistent" name="2" description="Appears to be inconsistent with other elements." validFrom="1900-01-01T00:00:00.000+01:00" validTo="7777-01-01T00:00:00.000+01:00" id="7327AD6CF8E4E86988329BA752EDDDF8" deprecated="false"/>
    <element shortname="Doubtful" name="3" description="Appears to be doubtful." validFrom="1900-01-01T00:00:00.000+01:00" validTo="7777-01-01T00:00:00.000+01:00" id="A219ADCD0B3B9137A3D1D50EAA211B0D" deprecated="false"/>
    <element shortname="Erroneous" name="4" description="Appears to be erroneous. The flag indicates a value outside the permitted range." validFrom="1900-01-01T00:00:00.000+01:00" validTo="7777-01-01T00:00:00.000+01:00" id="D3F250AD1253C4AB691069387CC8B829" deprecated="false"/>
    <element shortname="Corrected" name="5" description="The value has been corrected.The flag indicates a change has been made by the operator. Only obvious errors are corrected. The original value is saved ." validFrom="1900-01-01T00:00:00.000+01:00" validTo="7777-01-01T00:00:00.000+01:00" id="FF7A4D4ABA7549A718B0B6D90D44AAF2" deprecated="false"/>
    <element shortname="Inter-/extrapolated" name="8" description="Reserved. Local defination: The value is interpolated/extrapolated by observer. Methods unspecified." validFrom="1900-01-01T00:00:00.000+01:00" validTo="7777-01-01T00:00:00.000+01:00" id="6B596BC782548E1F1F5C77ABDDD86D48" deprecated="false"/>
    <element shortname="Missing" name="9" description="The value of the element  is missing." validFrom="1900-01-01T00:00:00.000+01:00" validTo="7777-01-01T00:00:00.000+01:00" id="FA1CA2E5A3B32BF8A0EFC3FBDC5A0065" deprecated="false"/>
</list>
