<?xml version="1.0" encoding="UTF-8" standalone="yes"?>
<list xmlns="http://www.imr.no/formats/nmdreference/v1" tableName="Opparbeidelse mage" description="Opparbeidelse mage" lookupName="Opparbeidelse mage">
    <lastChanged>2013-01-08T00:00:00.000+01:00</lastChanged>
    <element shortname="full, tørr, ikke identifisert" name="8" description="Opparbeidet mageprøve, målt i tørrvekt, ikke identifisert mageinnhold." validFrom="2009-12-31T00:00:00.000+01:00" validTo="7776-12-31T00:00:00.000+01:00" id="737421F40002852AE74156FDCB632033" deprecated="false"/>
    <element shortname="ikke bestemt" name="" description="ikke bestemt" validFrom="1900-01-01T00:00:00.000+01:00" validTo="7777-01-01T00:00:00.000+01:00" id="B7ED62EAF4606684691EFBD70A53189D" deprecated="false"/>
    <element shortname="forenklet" name="1" description="Forenklet opparbeidet mageprøve, målt i våtvekt" validFrom="1900-01-01T00:00:00.000+01:00" validTo="7777-01-01T00:00:00.000+01:00" id="43BF4E5194E346DD984B9776DD92C399" deprecated="false"/>
    <element shortname="full, våtvekt" name="2" description="Full opparbeidet mageprøve, målt i våtvekt (f.eks. når prøven fryses og opparbeides i land)" validFrom="1900-01-01T00:00:00.000+01:00" validTo="7777-01-01T00:00:00.000+01:00" id="698A8BB7912ECE40404B1C7138E3F474" deprecated="false"/>
    <element shortname="full, tørr" name="3" description="Full opparbeidet mageprøve, målt i tørrvekt, frossent materiale (f.eks. av pelagisk fisk opparbeidet i land)." validFrom="1900-01-01T00:00:00.000+01:00" validTo="7777-01-01T00:00:00.000+01:00" id="2309DBA6EE1CF964864AE4FEADF74758" deprecated="false"/>
    <element shortname="bulk, tørr" name="4" description="Fullt opparbeidet mageprøve, målt i tørrvekt, formalinfiksert materiale." validFrom="1900-01-01T00:00:00.000+01:00" validTo="7777-01-01T00:00:00.000+01:00" id="5A1BBCE22090F51FDCD2B9811AB62F03" deprecated="false"/>
    <element shortname="bulk, tørr" name="5" description="Bulkdata fordelt på enkeltfisk, tørrvekt" validFrom="1900-01-01T00:00:00.000+01:00" validTo="7777-01-01T00:00:00.000+01:00" id="D510F655E7EED9E4CB542BF2E811175A" deprecated="false"/>
    <element shortname="full, våt, alkohol" name="6" description="Bulkdata fordelt på enkeltfisk, våtvekt" validFrom="1900-01-01T00:00:00.000+01:00" validTo="7777-01-01T00:00:00.000+01:00" id="621AEAC76699A4FD8EA56EE1214403D4" deprecated="false"/>
    <element shortname="full, tørr, alkoholinfisert" name="7" description="Full opparbeidet mageprøve, målt i tørrvekt,  alkoholinfisert materiale." validFrom="1900-01-01T00:00:00.000+01:00" validTo="7777-01-01T00:00:00.000+01:00" id="D261C80B42A6BC40BAB4B785118787E1" deprecated="false"/>
</list>
