<?xml version="1.0" encoding="UTF-8" standalone="yes"?>
<list xmlns="http://www.imr.no/formats/nmdreference/v1" tableName="OT/SKJ" description="OT/SKJ. Otolitt, skjell" lookupName="OT/SKJ">
    <lastChanged>2011-12-22T00:00:00.000+01:00</lastChanged>
    <element shortname="Ikke bestemt" name="" description="Ikke bestemt" validFrom="1900-01-01T00:00:00.000+01:00" validTo="7777-01-01T00:00:00.000+01:00" id="EA62AC496B3BB5A812EE21AD957E09D0" deprecated="false"/>
    <element shortname="Skjell" name="1" description="Skjell" validFrom="1900-01-01T00:00:00.000+01:00" validTo="7777-01-01T00:00:00.000+01:00" id="DEF2493E63032F631FC7F93757352CA0" deprecated="false"/>
    <element shortname="Otolitter" name="2" description="Otolitter" validFrom="1900-01-01T00:00:00.000+01:00" validTo="7777-01-01T00:00:00.000+01:00" id="63B1AC51B87C8BE096925A0D6AF4B89D" deprecated="false"/>
    <element shortname="Skjell + otolitter" name="3" description="Skjell + otolitter (blanding)" validFrom="1900-01-01T00:00:00.000+01:00" validTo="7777-01-01T00:00:00.000+01:00" id="76FAFC8136B12138304106FC34C34414" deprecated="false"/>
    <element shortname="Finnestråle" name="4" description="Finnestråle" validFrom="1900-01-01T00:00:00.000+01:00" validTo="7777-01-01T00:00:00.000+01:00" id="1ED38B937A27EA7014BF4A857AFDF934" deprecated="false"/>
    <element shortname="Finnestråle + otolitter" name="5" description="Finnestråle + otolitter (blanding)" validFrom="1900-01-01T00:00:00.000+01:00" validTo="7777-01-01T00:00:00.000+01:00" id="11F76C2F36364B8E95FE5DEF6E23D50C" deprecated="false"/>
    <element shortname="Til lager" name="6" description="Otolitter/skjell/finnestråle er satt på lager for senere behandling" validFrom="1900-01-01T00:00:00.000+01:00" validTo="7777-01-01T00:00:00.000+01:00" id="D907D3CBCE80162E2DE2EE57F8A1A317" deprecated="false"/>
</list>
