<?xml version="1.0" encoding="UTF-8" standalone="yes"?>
<list xmlns="http://www.imr.no/formats/nmdreference/v1" tableName="OTOLITH_READABILITY" description="OTOLITH_READABILITY" lookupName="OTOLITH_READABILITY">
    <lastChanged>2011-11-07T00:00:00.000+01:00</lastChanged>
    <element shortname="Ikke observert" name="" description="Ikke observert" validFrom="1900-01-01T00:00:00.000+01:00" validTo="7777-01-01T00:00:00.000+01:00" id="7C7B4ADA57B849116D6D278DC144CB25" deprecated="false"/>
    <element shortname="Sonene kan telles / måles" name="1" description="Sonene kan telles og måles sikkert" validFrom="1900-01-01T00:00:00.000+01:00" validTo="7777-01-01T00:00:00.000+01:00" id="85494DFFF7560FAAA5FBBF84D0FD6E0F" deprecated="false"/>
    <element shortname="Sonene kan kun telles" name="2" description="Sonene kan telles, men ikke måles (vanskelig)" validFrom="1900-01-01T00:00:00.000+01:00" validTo="7777-01-01T00:00:00.000+01:00" id="8D9678536B20612D36392F28BE3CC82B" deprecated="false"/>
    <element shortname="Uleselig eller mangler" name="3" description="Sonene kan ikke telles (uleselig) eller otolitt/skjell mangler" validFrom="1900-01-01T00:00:00.000+01:00" validTo="7777-01-01T00:00:00.000+01:00" id="C9C789C9C1970981F65F2E6C32EC35B3" deprecated="false"/>
    <element shortname="Alder kan leses" name="4" description="Alder kan leses, men gytesoner/alder er uleselig" validFrom="1900-01-01T00:00:00.000+01:00" validTo="7777-01-01T00:00:00.000+01:00" id="41D5492349C8CC266D372BBFF3761A70" deprecated="false"/>
    <element shortname="Laveste av to påfølgende" name="5" description="Laveste alder av to påfølgende år" validFrom="1900-01-01T00:00:00.000+01:00" validTo="7777-01-01T00:00:00.000+01:00" id="FD47B1304B5AA6B7ED1BF88FC1D51E36" deprecated="false"/>
    <element shortname="Høyeste av to påfølgende" name="6" description="Høyeste alder av to påfølgende år" validFrom="1900-01-01T00:00:00.000+01:00" validTo="7777-01-01T00:00:00.000+01:00" id="F3DEA10D3A9D40EB30296B2BDE8A0021" deprecated="false"/>
</list>
