<?xml version="1.0" encoding="UTF-8" standalone="yes"?>
<list xmlns="http://www.imr.no/formats/nmdreference/v1" tableName="OTOLITH_TYPE_COD" description="OTOLITH_TYPE_COD" lookupName="OTOLITH_TYPE_COD">
    <lastChanged>2011-12-08T00:00:00.000+01:00</lastChanged>
    <element shortname="Ikke bestemt" name="" description="Ikke bestemt" validFrom="1900-01-01T00:00:00.000+01:00" validTo="7777-01-01T00:00:00.000+01:00" id="9BDCA2663D73F3F57AFFECBBC2371B32" deprecated="false"/>
    <element shortname="Kysttorsk" name="1" description="Kysttorsk" validFrom="1900-01-01T00:00:00.000+01:00" validTo="7777-01-01T00:00:00.000+01:00" id="4D6AE040A04303E4180B491936A988D6" deprecated="false"/>
    <element shortname="Usikker kysttorsk" name="2" description="Usikker kysttorsk" validFrom="1900-01-01T00:00:00.000+01:00" validTo="7777-01-01T00:00:00.000+01:00" id="4DA42DB8DAA64D3A916B0588A1C53547" deprecated="false"/>
    <element shortname="Svalbard torsk" name="3" description="Svalbard torsk" validFrom="1900-01-01T00:00:00.000+01:00" validTo="7777-01-01T00:00:00.000+01:00" id="C8D19FD3B4E14B02CAE185FE9CB43267" deprecated="false"/>
    <element shortname="Usikker skrei" name="4" description="Usikker skrei" validFrom="1900-01-01T00:00:00.000+01:00" validTo="7777-01-01T00:00:00.000+01:00" id="DFFFF4E096BCB8B9D10CEBD4A89A2FC0" deprecated="false"/>
    <element shortname="Skrei" name="5" description="Skrei" validFrom="1900-01-01T00:00:00.000+01:00" validTo="7777-01-01T00:00:00.000+01:00" id="89B1F28CB31A4241ED508F1129BE8485" deprecated="false"/>
    <element shortname="Oppdrettstorsk" name="6" description="Oppdrettstorsk" validFrom="1900-01-01T00:00:00.000+01:00" validTo="7777-01-01T00:00:00.000+01:00" id="8BD31116EDC97B3BE6116620B7CEF8E3" deprecated="false"/>
    <element shortname="Usikker oppdrettstorsk" name="7" description="Usikker oppdrettstorsk" validFrom="1900-01-01T00:00:00.000+01:00" validTo="7777-01-01T00:00:00.000+01:00" id="D6CB97FCC347BD069491A6A2FC913F48" deprecated="false"/>
</list>
