<?xml version="1.0" encoding="UTF-8" standalone="yes"?>
<list xmlns="http://www.imr.no/formats/nmdreference/v1" tableName="Parasitt" description="Registrering av mengde parasitt på lever" lookupName="Parasitt">
    <lastChanged>2011-11-24T00:00:00.000+01:00</lastChanged>
    <element shortname="Ikke observert" name="" description="Ikke observert" validFrom="1900-01-01T00:00:00.000+01:00" validTo="7777-01-01T00:00:00.000+01:00" id="9FB59AF85102608843B5755FEF8C9F8A" deprecated="false"/>
    <element shortname="Ingen synlige parasitter" name="1" description="Ingen synlige parasitter" validFrom="1900-01-01T00:00:00.000+01:00" validTo="7777-01-01T00:00:00.000+01:00" id="01847FA47E4F105BEBA264ACBBC97283" deprecated="false"/>
    <element shortname="Fra 1 parasitt til noen f" name="2" description="Fra 1 parasitt til noen få" validFrom="1900-01-01T00:00:00.000+01:00" validTo="7777-01-01T00:00:00.000+01:00" id="217516057EF77D2CCD0062F3DF829202" deprecated="false"/>
    <element shortname="Ca. 1/2 av leveren er dek" name="3" description="Ca. 1/2 av leveren er dekket" validFrom="1900-01-01T00:00:00.000+01:00" validTo="7777-01-01T00:00:00.000+01:00" id="631966308DE27D577B9A66B15BDD7CA8" deprecated="false"/>
    <element shortname="Ca. 3/4 av leveren er dek" name="4" description="Ca. 3/4 av leveren er dekket" validFrom="1900-01-01T00:00:00.000+01:00" validTo="7777-01-01T00:00:00.000+01:00" id="45572B9203D9CE039C4160D2E4320A73" deprecated="false"/>
    <element shortname="Leveren er fullstendig de" name="5" description="Leveren er fullstendig dekket" validFrom="1900-01-01T00:00:00.000+01:00" validTo="7777-01-01T00:00:00.000+01:00" id="1F6E32F28AE269E696ACC937273DA114" deprecated="false"/>
</list>
