<?xml version="1.0" encoding="UTF-8" standalone="yes"?>
<list xmlns="http://www.imr.no/formats/nmdreference/v1" tableName="Quality" description="Quality flags" lookupName="Quality">
    <lastChanged>2011-12-05T00:00:00.000+01:00</lastChanged>
    <element shortname="none" name="0" description="no quality control" validFrom="1900-01-01T00:00:00.000+01:00" validTo="7777-01-01T00:00:00.000+01:00" id="FC46468E607548F8ACAD10177ABFB60F" deprecated="false"/>
    <element shortname="good" name="1" description="good value" validFrom="1900-01-01T00:00:00.000+01:00" validTo="7777-01-01T00:00:00.000+01:00" id="1649E198FF964C8D4D697C94982E0C92" deprecated="false"/>
    <element shortname="probably_good" name="2" description="probably good value" validFrom="1900-01-01T00:00:00.000+01:00" validTo="7777-01-01T00:00:00.000+01:00" id="6344986C6A767626C5AFB2D7C28D154E" deprecated="false"/>
    <element shortname="probably_bad" name="3" description="probably bad value" validFrom="1900-01-01T00:00:00.000+01:00" validTo="7777-01-01T00:00:00.000+01:00" id="195A4CE27ECBFEF05CEBE2B0F9F49807" deprecated="false"/>
    <element shortname="bad" name="4" description="bad value" validFrom="1900-01-01T00:00:00.000+01:00" validTo="7777-01-01T00:00:00.000+01:00" id="79DA913655D775D639318E28691EE183" deprecated="false"/>
    <element shortname="changed" name="5" description="changed value" validFrom="1900-01-01T00:00:00.000+01:00" validTo="7777-01-01T00:00:00.000+01:00" id="07F409E274E4CC8555F5E72D578ED57F" deprecated="false"/>
    <element shortname="BD" name="6" description="value below detection" validFrom="1900-01-01T00:00:00.000+01:00" validTo="0777-01-01T00:00:00.000+01:00" id="26B52ED01875F44DE03F29DBB438D468" deprecated="false"/>
    <element shortname="excess" name="7" description="value in excess" validFrom="1900-01-01T00:00:00.000+01:00" validTo="7777-01-01T00:00:00.000+01:00" id="D4219E536B6D76AAF9D69204561B84C5" deprecated="false"/>
    <element shortname="interpolated" name="8" description="interpolated value" validFrom="1900-01-01T00:00:00.000+01:00" validTo="7777-01-01T00:00:00.000+01:00" id="003FA554AFBEEB46F0F6D1D3E7DB00FE" deprecated="false"/>
    <element shortname="missing" name="9" description="missing value" validFrom="1900-01-01T00:00:00.000+01:00" validTo="7777-01-01T00:00:00.000+01:00" id="81CF32B297C4CE925402F1E7AB5E1508" deprecated="false"/>
    <element shortname="ID_uncertain" name="A" description="value phenomenon uncertain" validFrom="1900-01-01T00:00:00.000+01:00" validTo="7777-01-01T00:00:00.000+01:00" id="027D39EB9354B667ADA7EB705A4CBD8C" deprecated="false"/>
</list>
