<?xml version="1.0" encoding="UTF-8" standalone="yes"?>
<list xmlns="http://www.imr.no/formats/nmdreference/v1" tableName="SampleMethod" description="Innsamlingsmetode som benyttes til å utføre en operasjon" lookupName="SampleMethod">
    <lastChanged>2010-09-10T00:00:00.000+02:00</lastChanged>
    <element shortname="Ukjent" name="99" description="Ukjent innsamlingsmetode." validFrom="1900-01-01T00:00:00.000+01:00" validTo="7777-01-01T00:00:00.000+01:00" id="E786FF0E1CEFEA9FC1201D58AA9928F8" deprecated="false"/>
    <element shortname="HorisontalTrekk" name="100" description="Trekk i ett dyp mens fart|yet er i fart." validFrom="1900-01-01T00:00:00.000+01:00" validTo="7777-01-01T00:00:00.000+01:00" id="3B615F6EB908FDD4463CDB2FD27A88B0" deprecated="false"/>
    <element shortname="OverflateTrekk" name="101" description="Trekk i overflaten mens fart|yet er i fart." validFrom="1900-01-01T00:00:00.000+01:00" validTo="7777-01-01T00:00:00.000+01:00" id="4E2DDD7733C4A7C7F3D4A6BA700093AA" deprecated="false"/>
    <element shortname="BunnTrekk" name="102" description="Trekk ved bunnen mens fart|yet er i fart." validFrom="1900-01-01T00:00:00.000+01:00" validTo="7777-01-01T00:00:00.000+01:00" id="18D91BA3D2EF049E86A4CD3F99B234A5" deprecated="false"/>
    <element shortname="Vtrekk" name="103" description="Trekk fra ett dyp ned til ett annet og opp igjen mens fart|yet er i fart." validFrom="1900-01-01T00:00:00.000+01:00" validTo="7777-01-01T00:00:00.000+01:00" id="8B06A09C90FB8E7AEF1608ED83A7FB73" deprecated="false"/>
    <element shortname="VertikalTrekk" name="104" description="Trekk fra ett dyp til ett annet dyp mens fart|yet er i ro." validFrom="1900-01-01T00:00:00.000+01:00" validTo="7777-01-01T00:00:00.000+01:00" id="B6E2F1834723ECBC572B14504479D686" deprecated="false"/>
    <element shortname="Skr}Trekk" name="105" description="Trekk fra ett dyp til ett annet dyp mens fart|yet er i fart." validFrom="1900-01-01T00:00:00.000+01:00" validTo="7777-01-01T00:00:00.000+01:00" id="30762A335FB10142D760B27DB82453C7" deprecated="false"/>
    <element shortname="TrappeTrekk" name="106" description="Trekk i ett eller flere dyp mens fart|yet er i fart." validFrom="1900-01-01T00:00:00.000+01:00" validTo="7777-01-01T00:00:00.000+01:00" id="5496A6E43F957B4344690F614CEBEE97" deprecated="false"/>
    <element shortname="VertikalTrekk" name="200" description="Trekk fra ett dyp til ett annet dyp mens fart|yet er i ro." validFrom="1900-01-01T00:00:00.000+01:00" validTo="7777-01-01T00:00:00.000+01:00" id="718D1B7314B400EB08F26685E7E4A7A8" deprecated="false"/>
    <element shortname="VannhenterCTD" name="250" description="Trekk fra mange dyp med vannhentere p}montert CTD." validFrom="1900-01-01T00:00:00.000+01:00" validTo="7777-01-01T00:00:00.000+01:00" id="A86E51230AA93A20AB8774B1F01B645B" deprecated="false"/>
    <element shortname="VannhenterWire" name="251" description="Trekk fra mange dyp med vannhentere p}montert hydrografi-wire." validFrom="1900-01-01T00:00:00.000+01:00" validTo="7777-01-01T00:00:00.000+01:00" id="05495DE37E973FDED0630AA5D54EECBD" deprecated="false"/>
    <element shortname="DiagonalTrekk" name="300" description="Trekk fra ett dyp til ett annet dyp mens fart|yet er i fart." validFrom="1900-01-01T00:00:00.000+01:00" validTo="7777-01-01T00:00:00.000+01:00" id="189E4CB6C163455A0808E7744AAC96E3" deprecated="false"/>
    <element shortname="TrappeTrekk" name="400" description="Trekk i ett eller flere dyp mens fart|yet er i fart." validFrom="1900-01-01T00:00:00.000+01:00" validTo="7777-01-01T00:00:00.000+01:00" id="1373600D582D6476C04DE77C0F048990" deprecated="false"/>
    <element shortname="Trappe01" name="401" description="Trekk med overtelna i 0 meter mens fart|yet er i fart." validFrom="1900-01-01T00:00:00.000+01:00" validTo="7777-01-01T00:00:00.000+01:00" id="277AB06904C6AF8DD5EECD07B201326D" deprecated="false"/>
    <element shortname="Trappe02" name="402" description="Trekk med overtelna i 0 og 20 meter mens fart|yet er i fart." validFrom="1900-01-01T00:00:00.000+01:00" validTo="7777-01-01T00:00:00.000+01:00" id="3B6F83B4E663252E7F0A5BDF3FFEF390" deprecated="false"/>
    <element shortname="Trappe03" name="403" description="Trekk med overtelna i 0, 20 og 40 meter mens fart|yet er i fart." validFrom="1900-01-01T00:00:00.000+01:00" validTo="7777-01-01T00:00:00.000+01:00" id="0156939B41E3440793D186F4FC15E773" deprecated="false"/>
    <element shortname="Trappe04" name="404" description="Trekk med overtelna i 0, 20, 40 og 60 meter mens fart|yet er i fart." validFrom="1900-01-01T00:00:00.000+01:00" validTo="7777-01-01T00:00:00.000+01:00" id="E0046ED04FB5BF20388072858AFAC348" deprecated="false"/>
    <element shortname="Trappe05" name="405" description="Trekk med overtelna i 0, 20, 40, 60 og 80 meter mens fart|yet er i fart." validFrom="1900-01-01T00:00:00.000+01:00" validTo="7777-01-01T00:00:00.000+01:00" id="58C7629C6876AFC9BECAE6A27770AFB0" deprecated="false"/>
    <element shortname="Trappe06" name="406" description="Trekk med overtelna i 20 meter mens fart|yet er i fart." validFrom="1900-01-01T00:00:00.000+01:00" validTo="7777-01-01T00:00:00.000+01:00" id="9A78CAB5BA8D4A8C4BA1E467F48E0381" deprecated="false"/>
    <element shortname="Trappe07" name="407" description="Trekk med overtelna i 20 og 40 meter mens fart|yet er i fart." validFrom="1900-01-01T00:00:00.000+01:00" validTo="7777-01-01T00:00:00.000+01:00" id="E9373DED56F7A69AB52CABB274B1DA90" deprecated="false"/>
    <element shortname="Trappe08" name="408" description="Trekk med overtelna i 20, 40 og 60 meter mens fart|yet er i fart." validFrom="1900-01-01T00:00:00.000+01:00" validTo="7777-01-01T00:00:00.000+01:00" id="EC93890273AD7476FA07273418BF0D8B" deprecated="false"/>
    <element shortname="Trappe09" name="409" description="Trekk med overtelna i 40 meter mens fart|yet er i fart." validFrom="1900-01-01T00:00:00.000+01:00" validTo="7777-01-01T00:00:00.000+01:00" id="6E5AD1E0F0A9DD1FDAFEFBD4866CF8FE" deprecated="false"/>
    <element shortname="Trappe10" name="410" description="Trekk med overtelna i 40 og 60 meter mens fart|yet er i fart." validFrom="1900-01-01T00:00:00.000+01:00" validTo="7777-01-01T00:00:00.000+01:00" id="A43B138FE77B3F30622C2C8F859FA8DE" deprecated="false"/>
    <element shortname="Trappe11" name="411" description="Trekk med overtelna i 60 meter mens fart|yet er i fart." validFrom="1900-01-01T00:00:00.000+01:00" validTo="7777-01-01T00:00:00.000+01:00" id="88AC55839F27F3393B1A2CE28B8E0B4F" deprecated="false"/>
    <element shortname="Trappe12" name="412" description="Trekk med overtelna i 60 og 80 meter mens fart|yet er i fart." validFrom="1900-01-01T00:00:00.000+01:00" validTo="7777-01-01T00:00:00.000+01:00" id="DD2CFA0607E3D1C1F4396E39D9081E4C" deprecated="false"/>
    <element shortname="Trappe13" name="413" description="Trekk med overtelna i 80 meter mens fart|yet er i fart." validFrom="1900-01-01T00:00:00.000+01:00" validTo="7777-01-01T00:00:00.000+01:00" id="49201AED3ECAE600BBE0514B3FE424D2" deprecated="false"/>
    <element shortname="Trappe14" name="414" description="Trekk med overtelna i 0 og 30 meter mens fart|yet er i fart." validFrom="1900-01-01T00:00:00.000+01:00" validTo="7777-01-01T00:00:00.000+01:00" id="DA47DD36B4A484FD122D2D8A7D81E3A4" deprecated="false"/>
    <element shortname="Trappe15" name="415" description="Trekk med overtelna i 0, 10, 20, 30, 40 og 50 meter mens skipet er i fart." validFrom="1900-01-01T00:00:00.000+01:00" validTo="7777-01-01T00:00:00.000+01:00" id="C4B2B9D3C42B1A042188A1993F887A3B" deprecated="false"/>
    <element shortname="Trappe16" name="416" description="Trekk med overtelna i 0, 20, 40, 60, 80 og 100 meter mens skipet er i fart." validFrom="1900-01-01T00:00:00.000+01:00" validTo="7777-01-01T00:00:00.000+01:00" id="EFD800001D8278942CD6D62238B52C73" deprecated="false"/>
    <element shortname="Trappe17" name="417" description="Trekk med overtelna i 0, 20, 40, 60, 80, 100 og 120 m mens skipet er i fart." validFrom="1900-01-01T00:00:00.000+01:00" validTo="7777-01-01T00:00:00.000+01:00" id="CE278D2698A4BC3768F798ABF8B7D51F" deprecated="false"/>
    <element shortname="Trappe18" name="418" description="Trekk med overtelna i 60, 80 og 100 meter mens fart|yet er i fart." validFrom="1900-01-01T00:00:00.000+01:00" validTo="7777-01-01T00:00:00.000+01:00" id="7E48A6A5096136BB69C93518FF404DA8" deprecated="false"/>
    <element shortname="DobbelDiagonalTrekk" name="500" description="Trekk fra ett dyp ned til ett annet og opp igjen til det f|rste." validFrom="1900-01-01T00:00:00.000+01:00" validTo="7777-01-01T00:00:00.000+01:00" id="8718B1CAB4C5051152244EE5E68CCAFE" deprecated="false"/>
    <element shortname="Garnfangst" name="600" description="Innsamlet vha. garn." validFrom="1900-01-01T00:00:00.000+01:00" validTo="7777-01-01T00:00:00.000+01:00" id="61392B26ACA1A5BB3D3AD66271BA5E95" deprecated="false"/>
    <element shortname="Linefangst" name="700" description="Innsamlet vha. line." validFrom="1900-01-01T00:00:00.000+01:00" validTo="7777-01-01T00:00:00.000+01:00" id="39D7C21B1A9CFBFC9329EBA18451FB7E" deprecated="false"/>
    <element shortname="Sn|refangst" name="800" description="Innsamlet vha. sn|re." validFrom="1900-01-01T00:00:00.000+01:00" validTo="7777-01-01T00:00:00.000+01:00" id="FBF325F0D989209525C9D2203673BE13" deprecated="false"/>
    <element shortname="Bunntr}l" name="900" description="Innsamlet vha. bunntr}l." validFrom="1900-01-01T00:00:00.000+01:00" validTo="7777-01-01T00:00:00.000+01:00" id="BE17B24B2BF12666BC542C7FF5DAD843" deprecated="false"/>
    <element shortname="Flytetr}l" name="1000" description="Innsamlet vha. flytetr}l." validFrom="1900-01-01T00:00:00.000+01:00" validTo="7777-01-01T00:00:00.000+01:00" id="C706A659C3034FA615AACA5B77AB40A6" deprecated="false"/>
    <element shortname="Pumping" name="1100" description="Innsamlet vha. pumpe." validFrom="1900-01-01T00:00:00.000+01:00" validTo="7777-01-01T00:00:00.000+01:00" id="23E57C88CC7FDC35FF0DE2556C168D4E" deprecated="false"/>
    <element shortname="Grabbing" name="1200" description="Innsamlet vha. grabb." validFrom="1900-01-01T00:00:00.000+01:00" validTo="7777-01-01T00:00:00.000+01:00" id="88C033E6CC1F54C3C7B2EBF45F8FB784" deprecated="false"/>
    <element shortname="Skraping" name="1300" description="Innsamlet vha. skrape." validFrom="1900-01-01T00:00:00.000+01:00" validTo="7777-01-01T00:00:00.000+01:00" id="957E3B45623147A60E9A23AFBEEAB5AA" deprecated="false"/>
    <element shortname="Notfangst" name="1400" description="Innsamlet vha. not." validFrom="1900-01-01T00:00:00.000+01:00" validTo="7777-01-01T00:00:00.000+01:00" id="9489145FDE1AFFB73C8319A3173C3E59" deprecated="false"/>
    <element shortname="Akustikk" name="1500" description="Innsamlet vha. ekkolodd." validFrom="1900-01-01T00:00:00.000+01:00" validTo="7777-01-01T00:00:00.000+01:00" id="7510E11535229F32839849C0722DB2ED" deprecated="false"/>
</list>
