<?xml version="1.0" encoding="UTF-8" standalone="yes"?>
<list xmlns="http://www.imr.no/formats/nmdreference/v1" tableName="Sampletype" description="Angir hvordan prøven er tatt og hva slags prøve det er (T:41-42)." lookupName="Sampletype">
    <lastChanged>2011-12-15T00:00:00.000+01:00</lastChanged>
    <element shortname="Ikke observert" name="" description="Ikke observert" validFrom="1900-01-01T00:00:00.000+01:00" validTo="7777-01-01T00:00:00.000+01:00" id="57DDC16FB953C6B512F1BBFC53E7172C" deprecated="false"/>
    <element shortname="Rep. lengde/diameter" name="10" description="Representativ lengde eller diametermåling" validFrom="1900-01-01T00:00:00.000+01:00" validTo="7777-01-01T00:00:00.000+01:00" id="22848D34B4A3BCA4542F691C9340C6EE" deprecated="false"/>
    <element shortname="Rep. lengde og individ" name="20" description="Representativ lengde og individmåling" validFrom="1900-01-01T00:00:00.000+01:00" validTo="7777-01-01T00:00:00.000+01:00" id="B22FC57673525E43DA91B2E777F1C918" deprecated="false"/>
    <element shortname="Rep. lengdemåling" name="21" description="Representativ lengdemåling. Individmåling er bare representativ innen hver lengdegruppe (lengdestratifisert)." validFrom="1900-01-01T00:00:00.000+01:00" validTo="7777-01-01T00:00:00.000+01:00" id="8478C2EDB969F8DDBA2C4238AACB86C7" deprecated="false"/>
    <element shortname="Rep. lengdemåling (døgns)" name="22" description="Representativ lengdemåling, individmåling er bare representativ innen hver lengdegruppe (lengdestratifiset), for døgnstasjon." validFrom="1900-01-01T00:00:00.000+01:00" validTo="7777-01-01T00:00:00.000+01:00" id="7AF812B1DDCE3963A8D5D1EF34180C12" deprecated="false"/>
    <element shortname="Rep. lengde og individ (-alder)" name="23" description="Representativ lengdemåling og representativ individmåling. Det er bare aldersprøve fra en del av individprøven." validFrom="1900-01-01T00:00:00.000+01:00" validTo="7777-01-01T00:00:00.000+01:00" id="AC099600382B6E14CCD89ED51EF8F7A8" deprecated="false"/>
    <element shortname="Alder og hodelengde" name="30" description="Alder og hodelengde" validFrom="1900-01-01T00:00:00.000+01:00" validTo="7777-01-01T00:00:00.000+01:00" id="A467F907695A6EF51335D86F1AB54B35" deprecated="false"/>
    <element shortname="Alder og hodekappet lengde" name="31" description="Alder og hodekappet lengde" validFrom="1900-01-01T00:00:00.000+01:00" validTo="7777-01-01T00:00:00.000+01:00" id="AA7D1C084DA22EC68D1A4BA4C0AB5468" deprecated="false"/>
    <element shortname="Alder uten lengde" name="32" description="Alder uten lengde" validFrom="1900-01-01T00:00:00.000+01:00" validTo="7777-01-01T00:00:00.000+01:00" id="0DE03CC825500B9E598B247826D7B190" deprecated="false"/>
    <element shortname="Gruppert i lengdeintervall" name="33" description="Gruppert i lengdeintervall etter minstemål eller annen gruppering" validFrom="1900-01-01T00:00:00.000+01:00" validTo="7777-01-01T00:00:00.000+01:00" id="A2896332AAC02C24216EA4A38A7AA029" deprecated="false"/>
    <element shortname="Lengde og vekt av enkeltfisk" name="34" description="Lengde og vekt av enkeltfisk" validFrom="1900-01-01T00:00:00.000+01:00" validTo="7777-01-01T00:00:00.000+01:00" id="9F2449115A2B01C70726DDC79FF879D1" deprecated="false"/>
    <element shortname="(Del)Prøven er analysert" name="35" description="Prøven (delprøven) er analysert tidligere" validFrom="1900-01-01T00:00:00.000+01:00" validTo="7777-01-01T00:00:00.000+01:00" id="5787F52567C87097B674F8CA39D8F917" deprecated="false"/>
    <element shortname="Tomme kapsler (egg)" name="50" description="Tomme kapsler (egg)" validFrom="1900-01-01T00:00:00.000+01:00" validTo="7777-01-01T00:00:00.000+01:00" id="498398E760AA45293D94B9D072DA3A32" deprecated="false"/>
    <element shortname="Hele kapsler (egg)" name="51" description="Hele kapsler (egg)" validFrom="1900-01-01T00:00:00.000+01:00" validTo="7777-01-01T00:00:00.000+01:00" id="710A0E4D8D278F469F48B0A75DFF0FBD" deprecated="false"/>
    <element shortname="METALL" name="60" description="METALL" validFrom="1900-01-01T00:00:00.000+01:00" validTo="7777-01-01T00:00:00.000+01:00" id="CB2A44C1C534783E5FC0D2F500180F78" deprecated="false"/>
    <element shortname="GLASS" name="61" description="GLASS" validFrom="1900-01-01T00:00:00.000+01:00" validTo="7777-01-01T00:00:00.000+01:00" id="211248E9DF6CBFD8B4E83F32BEAF40F9" deprecated="false"/>
    <element shortname="KERAMIKK" name="62" description="KERAMIKK" validFrom="1900-01-01T00:00:00.000+01:00" validTo="7777-01-01T00:00:00.000+01:00" id="E8A23A00ACCBA4D5528AA819E1C7262D" deprecated="false"/>
    <element shortname="PAPIR" name="63" description="PAPIR" validFrom="1900-01-01T00:00:00.000+01:00" validTo="7777-01-01T00:00:00.000+01:00" id="126DBBF936A8BF639DD0216078DC539B" deprecated="false"/>
    <element shortname="TRE (maskinbehandlet) 74/75" name="64" description="TRE (maskinbehandlet) 74/75" validFrom="1900-01-01T00:00:00.000+01:00" validTo="7777-01-01T00:00:00.000+01:00" id="F26EF6A4F8322489F089C794C89BDF43" deprecated="false"/>
    <element shortname="TAU/LINE - 32" name="65" description="TAU/LINE - 32" validFrom="1900-01-01T00:00:00.000+01:00" validTo="7777-01-01T00:00:00.000+01:00" id="3B800C80355654C0CB8C48A19AA74EAF" deprecated="false"/>
    <element shortname="RESTER ETTER GARN - 115" name="66" description="RESTER ETTER GARN - 115" validFrom="1900-01-01T00:00:00.000+01:00" validTo="7777-01-01T00:00:00.000+01:00" id="011C0DE4B072AAE493DBEC5C38A38C9C" deprecated="false"/>
    <element shortname="BLÅSER/KULER" name="67" description="BLÅSER/KULER (hele eller rester) - 37" validFrom="1900-01-01T00:00:00.000+01:00" validTo="7777-01-01T00:00:00.000+01:00" id="748AE0563A89F0B04078C8D02BC49F3F" deprecated="false"/>
    <element shortname="ANNEN PLAST – 48" name="68" description="ANNEN PLAST – 48" validFrom="1900-01-01T00:00:00.000+01:00" validTo="7777-01-01T00:00:00.000+01:00" id="3C6ACD4094272E38513532F27174B966" deprecated="false"/>
    <element shortname="ANNET" name="69" description="ANNET" validFrom="1900-01-01T00:00:00.000+01:00" validTo="7777-01-01T00:00:00.000+01:00" id="46E9F610D5913D039F0E8E6741F0551C" deprecated="false"/>
    <element shortname="Evertebrat prøve" name="90" description="Evertebrat prøve" validFrom="1900-01-01T00:00:00.000+01:00" validTo="7777-01-01T00:00:00.000+01:00" id="F6CFF7CE7EB060B648F7BD6F64E213A5" deprecated="false"/>
    <element shortname="Representativ lengdemåling" name="91" description="Representativ lengdemåling" validFrom="1900-01-01T00:00:00.000+01:00" validTo="7777-01-01T00:00:00.000+01:00" id="2A86AC02322B14A2D02924FC971DB6A8" deprecated="false"/>
    <element shortname="Representativ individmåling" name="92" description="Representativ individmåling" validFrom="1900-01-01T00:00:00.000+01:00" validTo="7777-01-01T00:00:00.000+01:00" id="53BCEFFFEE1E7F593B49B194E52825DF" deprecated="false"/>
    <element shortname="Rep. individmåling/intervall." name="93" description="Individmåling er representativ innenfor respektive lengdeintervall." validFrom="1900-01-01T00:00:00.000+01:00" validTo="7777-01-01T00:00:00.000+01:00" id="EA6A1A5AA619AB49E1151744BAFB102C" deprecated="false"/>
</list>
