<?xml version="1.0" encoding="UTF-8" standalone="yes"?>
<list xmlns="http://www.imr.no/formats/nmdreference/v1" tableName="Samplequality" description="Angir hvor godt fangsten gjenspeiler mengden av fisk i området, vurdert ut fra måten det er trålt på og redskapets oppførsel (S:78)." lookupName="Samplequality">
    <lastChanged>2014-10-31T00:00:00.000+01:00</lastChanged>
    <element shortname=" Ikke observert" name="" description=" Ikke observert" validFrom="1900-01-01T00:00:00.000+01:00" validTo="7777-01-01T00:00:00.000+01:00" id="5520B45B838A875DDEA68865888444E6" deprecated="false"/>
    <element shortname="Viser problemer med bunnkontakt" name="3" description="Redskap er satt ut i forhåndsvalgt posisjon, trålsonder viser problemer med bunnkontakt, feil spredning eller andre indikasjoner på feil gange." validFrom="1900-01-01T00:00:00.000+01:00" validTo="7777-01-01T00:00:00.000+01:00" id="FA6CD7EB33C3B91145C7BC43217FA4A9" deprecated="false"/>
    <element shortname="Kommersielle arter registrert" name="8" description="Alle kommersielle (omsettelige) arter i fangsten (halet) registrert på T-skjema." validFrom="1900-01-01T00:00:00.000+01:00" validTo="7777-01-01T00:00:00.000+01:00" id="C66CFB73E12DE84CA75F53BB3A341144" deprecated="false"/>
    <element shortname="Fangsten ikke representativ" name="6" description="Fangsten ikke representativ grunnet bomkast (not), eller store mengder sopp eller leire (i trål)." validFrom="1900-01-01T00:00:00.000+01:00" validTo="7777-01-01T00:00:00.000+01:00" id="AF12B0A45F73FD5315E371A99353C66B" deprecated="false"/>
    <element shortname="Trålsonder viser alt ok" name="1" description="Redskap er satt ut i forhåndsvalgt posisjon, trålsonder viser alt ok." validFrom="1900-01-01T00:00:00.000+01:00" validTo="7777-01-01T00:00:00.000+01:00" id="DE76FC629167A491B43F25DBDDC3A999" deprecated="false"/>
    <element shortname="Satt ut på akustisk registrering" name="2" description="Redskap er satt ut på akustisk registrering eller på annen informasjon om fisk. Dersom det nyttes trålsonder, viser disse alt ok." validFrom="1900-01-01T00:00:00.000+01:00" validTo="7777-01-01T00:00:00.000+01:00" id="D343BF27D1F226FBEB05BAD4EA48F1DD" deprecated="false"/>
    <element shortname="Viser problemer med trålen" name="4" description="Redskap er satt ut på registrering, trålsonder viser problemer med trålen." validFrom="1900-01-01T00:00:00.000+01:00" validTo="7777-01-01T00:00:00.000+01:00" id="C57866DDCF4B62EA23A9333AA6D8BA8D" deprecated="false"/>
    <element shortname="Redskap har ikke fisket korrekt" name="5" description="Redskap har ikke fisket korrekt grunnet rigging, bjørn, snurr eller annet." validFrom="1900-01-01T00:00:00.000+01:00" validTo="7777-01-01T00:00:00.000+01:00" id="6B0379D5C92E4747C03EDD8DBEC7ACB0" deprecated="false"/>
    <element shortname="Artene registrert" name="7" description="Alle artene i fangsten (halet) registrert på T-skjema" validFrom="1900-01-01T00:00:00.000+01:00" validTo="7777-01-01T00:00:00.000+01:00" id="3159E9C4251D9856A6DE0AD6E96EFFB3" deprecated="false"/>
    <element shortname="Slipping" name="9" description="Slipping av en del, eller hele fangsten" validFrom="1900-01-01T00:00:00.000+01:00" validTo="7777-01-01T00:00:00.000+01:00" id="517b7c924bc143f79da069592745a694" deprecated="false"/>
</list>
