<?xml version="1.0" encoding="UTF-8" standalone="yes"?>
<seaAreasList xmlns="http://www.imr.no/formats/nmdreference/v1">
    <lastChanged>2011-10-24T00:00:00.000+02:00</lastChanged>
    <element name="1" description="Baltic Sea" id="404650EF6363BA25166532056B540668" deprecated="false"/>
    <element name="01a" description="Gulf of Bothnia (Baltic Sea)" id="504EA4828718996E450403F73D66258E" deprecated="false"/>
    <element name="01b" description="Gulf of Finland (Baltic Sea)" id="8318A6E77958BBA647C9EC0F070F5E5A" deprecated="false"/>
    <element name="01c" description="Gulf of Riga (Baltic Sea)" id="5E24915DD9755E4EBA00A1113BBCACAD" deprecated="false"/>
    <element name="10" description="Laptev Sea (or Nordenskjold Sea)" id="137D90E2CCE092668E5B2D46A941D82D" deprecated="false"/>
    <element name="11" description="East Siberian Sea" id="71F7B2030C4846776904FEBEC7981A3F" deprecated="false"/>
    <element name="12" description="Chukchi Sea" id="00622A3E0715FCEED07D9620781779EC" deprecated="false"/>
    <element name="13" description="Beaufort Sea" id="6791CD7B5A260E292D8D9337A51389EB" deprecated="false"/>
    <element name="14" description="The Northwestern Passages" id="DC84735B37DDA4AD6B137A1B9209EF74" deprecated="false"/>
    <element name="14a" description="The Northwestern Passages - Baffin Bay" id="DFBF355C07A7711FCD23A8AD23B6414F" deprecated="false"/>
    <element name="15" description="Davis Strait" id="4569B7EFB93F434972CBC1822CF528A9" deprecated="false"/>
    <element name="15a" description="Labrador Sea (Davis Strait)" id="44D7120C55728535D4EE962ABC5AD8CE" deprecated="false"/>
    <element name="16" description="Hudson Bay" id="0107C4132C8B362625150DF4BB51EEB7" deprecated="false"/>
    <element name="16a" description="Hudson Strait" id="82BC60C0B9F50EA0B8979BD215261E15" deprecated="false"/>
    <element name="17" description="Arctic Ocean" id="DC40BA28F92C9DE1BD9821172C9868AC" deprecated="false"/>
    <element name="17a" description="Arctic Ocean - Lincoln Sea" id="AC4C9A371D617B3A0B28A51A0EF3EC64" deprecated="false"/>
    <element name="18" description="Inner Seas off the West Coast of Scotland" id="1AA4992F9107BF1706598994647A5C2D" deprecated="false"/>
    <element name="19" description="Irish Sea and St. George's Channel" id="02CE3B16406DB412A7B526B413344A34" deprecated="false"/>
    <element name="2" description="Kattegat" id="436D5A81FF68921BF8B97C5F51FF9B27" deprecated="false"/>
    <element name="20" description="Bristol Channel" id="E8F5C1B312A90CA8130403CE9F313CAF" deprecated="false"/>
    <element name="200" description="Atlantic Ocean" id="3D82AE50527ABD0500DD304F09A8E900" deprecated="false"/>
    <element name="21" description="English Channel" id="B592B09FAEE65BD6DEB1E08621CE669B" deprecated="false"/>
    <element name="21a" description="Celtic Sea" id="98FF0ABEECD25AE60423EDA3C881CA6B" deprecated="false"/>
    <element name="22" description="Bay of Biscay" id="C2698BF313EA6346D3952E0911899E06" deprecated="false"/>
    <element name="23" description="North Atlantic Ocean" id="571BD9CF8D2128308272628941CB56B1" deprecated="false"/>
    <element name="23a" description="North East Atlantic Ocean (limit 40W)" id="E4BB01F6D3227C23ECC9905CDC102F17" deprecated="false"/>
    <element name="23b" description="North West Atlantic Ocean (limit 40W)" id="614A7717799D6A02C259FA70169E148B" deprecated="false"/>
    <element name="24" description="Gulf of St. Lawrence" id="CCC9762F7AC3DFE75E0A7BAFF2ECACEE" deprecated="false"/>
    <element name="25" description="Bay of Fundy" id="A6A1D258C37F46A9EE28B644809E29B6" deprecated="false"/>
    <element name="26" description="Gulf of Mexico" id="928101802FBC8AB693B35DC3CF7D093F" deprecated="false"/>
    <element name="27" description="Caribbean Sea" id="B727573F221C78A753E47627A0453A1C" deprecated="false"/>
    <element name="28" description="Mediterranean Sea" id="814530A640577FCB0CCC2104C1C0E4D4" deprecated="false"/>
    <element name="28A" description="Mediterranean Sea - Western basin" id="6ED672B47BE97B7852293E796A16FDCC" deprecated="false"/>
    <element name="28Ab" description="Alboran Sea (Mediterranean Sea)" id="0EE36DEDC84D14CC87F80C51E7E4C69F" deprecated="false"/>
    <element name="28Ac" description="Balearic (Iberian) Sea (Mediterranean Sea)" id="16425B1E18B97DEAC97278AE70765E1C" deprecated="false"/>
    <element name="28Ad" description="Ligurian Sea (Mediterranean Sea)" id="2A12808962399F68728FBF2C4554E0B6" deprecated="false"/>
    <element name="28Ae" description="Tyrrhenian Sea (Mediterranean Sea)" id="1B27C67503ABA0C1079ED5B80E8310BF" deprecated="false"/>
    <element name="28B" description="Mediterranean Sea - Eastern basin" id="AAA91C17BCAA9F338AA7C37C5D084B40" deprecated="false"/>
    <element name="28Bf" description="Ionian Sea (Mediterranean Sea)" id="DE705FBF92B2C5466F3AC29341B087F5" deprecated="false"/>
    <element name="28Bg" description="Adriatic Sea (Mediterranean Sea)" id="9CCF6C2E09B1B4C749AB10C74B2AE7FB" deprecated="false"/>
    <element name="28Bh" description="Aegean Sea (The Archipelago) (Mediterranean Sea)" id="5D3C80E040E94B6D210CD9C4F761BF0B" deprecated="false"/>
    <element name="28C" description="Strait of Sicily" id="F3CED48B95A9403A69B21B59FDF98E37" deprecated="false"/>
    <element name="28Aa" description="Strait of Gibraltar (Mediterranean Sea)" id="D25894E2466F8EA744C2A2F621E7F8FE" deprecated="false"/>
    <element name="29" description="Sea of Marmara" id="6C7262DEEFBD6B7B8561A936ADEE12D5" deprecated="false"/>
    <element name="3" description="Skagerrak" id="A026EDCD85AF889D47A3A6FB68406C24" deprecated="false"/>
    <element name="30" description="Black Sea" id="0E692DF8F8208A840ADC48A1F2CC87DF" deprecated="false"/>
    <element name="31" description="Sea of Azov" id="E1CED691503FA0BD977DDFA991FB5026" deprecated="false"/>
    <element name="32" description="South Atlantic Ocean" id="9E26D85E2FFAD0A3B453A77CE5346C15" deprecated="false"/>
    <element name="32a" description="South East Atlantic Ocean (limit 20W)" id="C5E12E35FDF6D9EBE2C6E1E810CB43C7" deprecated="false"/>
    <element name="32b" description="South West Atlantic Ocean (limit 20W)" id="C8BB7D0575656565968001287F5D0D88" deprecated="false"/>
    <element name="33" description="Rio de La Plata" id="F892427DE0C6BB18BCF304EC13FCCF79" deprecated="false"/>
    <element name="34" description="Gulf of Guinea" id="5F178F8653BAFDD26C96CA65D3EDE2CF" deprecated="false"/>
    <element name="35" description="Gulf of Suez" id="0B5D6A57F4FB7648E02B56A9955E5A7D" deprecated="false"/>
    <element name="36" description="Gulf of Aqaba" id="B3530A3F7322C151652C3E2796D29CEB" deprecated="false"/>
    <element name="37" description="Red Sea" id="7689EB8353E1AA280FE00F1F5DFBB1A8" deprecated="false"/>
    <element name="38" description="Gulf of Aden" id="F5B845C433CC3A0491AEDB327E5A6785" deprecated="false"/>
    <element name="39" description="Arabian Sea" id="8BC706422F408A7294CC9B1B6252F492" deprecated="false"/>
    <element name="4" description="North Sea" id="FCD81E70D3FAA428452E6092D2DF1D1C" deprecated="false"/>
    <element name="40" description="Gulf of Oman" id="F2B079508C81560D703E68778B0B9D58" deprecated="false"/>
    <element name="41" description="Gulf of Iran (Persian Gulf)" id="2CE6528EAC323ED3E20B243ADA04B7DD" deprecated="false"/>
    <element name="42" description="Laccadive Sea" id="EB8807C07173B5392B653C187A04177B" deprecated="false"/>
    <element name="43" description="Bay of Bengal" id="D1536EC94A9E7A084BDF5988F5FC43CA" deprecated="false"/>
    <element name="44" description="Andaman or Burma Sea" id="A59D7AC92E44398C69403A4717D1F126" deprecated="false"/>
    <element name="45" description="Indian Ocean" id="F7745A355996947F583A09BBC16DDC19" deprecated="false"/>
    <element name="45a" description="Mozambique Channel (Indian Ocean)" id="45938F216E32521016CC42B11E0B7F01" deprecated="false"/>
    <element name="46" description="Malacca and Singapore Straits" id="9F9D4178AB4DFEC0E44DAB28A4793FB4" deprecated="false"/>
    <element name="46a" description="Malacca Strait" id="AD6850990A9121D47B7DCB4AC0102C6D" deprecated="false"/>
    <element name="46b" description="Singapore Strait" id="74EE18AF1462E1CC9BD91830FBED310B" deprecated="false"/>
    <element name="47" description="Gulf of Thailand (Siam)" id="ECE71786D7E467DFC92085F7CFE0ADDF" deprecated="false"/>
    <element name="48" description="East Indian Archipelago (Indonesia)" id="806D739952320A3B18117FB385234839" deprecated="false"/>
    <element name="48a" description="Sulu Sea (East Indian Archipelago)" id="75E58C032EC63EE62C24D8DC7C113196" deprecated="false"/>
    <element name="48b" description="Celebes Sea (East Indian Archipelago)" id="0C6B0881E62DE7D3EA09EEF5F4D60C55" deprecated="false"/>
    <element name="48c" description="Molukka Sea (East Indian Archipelago)" id="3E231AA2DB41C720FDEAEF3C3F0764CA" deprecated="false"/>
    <element name="48d" description="Gulf of Tomini (East Indian Archipelago)" id="570D25E8D4884712B3F62CFA96285A06" deprecated="false"/>
    <element name="48e" description="Halmahera Sea (East Indian Archipelago)" id="6A66F661610D7331D7F6F997677D5923" deprecated="false"/>
    <element name="48f" description="Ceram Sea (East Indian Archipelago)" id="67BD33AD18992A91C63C361F4BAB8BF4" deprecated="false"/>
    <element name="48g" description="Banda Sea (East Indian Archipelago)" id="453849777E6FFABBAFC009F48C524C0C" deprecated="false"/>
    <element name="48h" description="Arafura Sea (East Indian Archipelago)" id="A6DF8E282F8BAF38E9AD4C73D38A13B2" deprecated="false"/>
    <element name="48i" description="Timor Sea (East Indian Archipelago)" id="B52F1BAB263CCD955F4A80685D1BB5AC" deprecated="false"/>
    <element name="48j" description="Flores Sea (East Indian Archipelago)" id="2CF7AB97928D50244175DE5856224298" deprecated="false"/>
    <element name="48k" description="Gulf of Boni (East Indian Archipelago)" id="380619C7F23F8DD91AC76DB4B43A2507" deprecated="false"/>
    <element name="48l" description="Bali Sea (East Indian Archipelago)" id="C331B91A61AC9D546DF375C0558AA0DB" deprecated="false"/>
    <element name="48m" description="Makassar Strait (East Indian Archipelago)" id="FED3A3F2F11107037ECA9E71A335ABDE" deprecated="false"/>
    <element name="48n" description="Java Sea (East Indian Archipelago)" id="2629B6B9040E9D76E5356A9506887BE3" deprecated="false"/>
    <element name="48o" description="Savu Sea (East Indian Archipelago)" id="92CD0C3A3A291BC55AC6A7E472FE8C80" deprecated="false"/>
    <element name="49" description="South China Sea (Nan Hai)" id="35165C92BE79586EE036580252BE9C04" deprecated="false"/>
    <element name="5" description="Greenland Sea" id="A9E7C4F5D19FAE78CC884979969A6430" deprecated="false"/>
    <element name="50" description="Eastern China Sea (Tung Hai)" id="F57E30D5A98C33E3CD7D9B56308D0DAB" deprecated="false"/>
    <element name="500" description="Pacific Ocean" id="EFFBE8C178F1B330D5620E3778EF1289" deprecated="false"/>
    <element name="51" description="Yellow Sea (Hwang Hai)" id="50EB687D4AD51C0AE712E26F60BFAA11" deprecated="false"/>
    <element name="52" description="Japan Sea" id="0F36AC4CA89DDB4FA603FF5FF406833C" deprecated="false"/>
    <element name="53" description="Seto Naikai or Inland Sea" id="C40BB5C64B6D4D5338AF0982C4D4A4F4" deprecated="false"/>
    <element name="54" description="Sea of Okhotsk" id="8BFFEAA38F7FC16F4E5EB65A826E42E5" deprecated="false"/>
    <element name="55" description="Bering Sea" id="E0AEC30B90FB80589B1DACB185D3BED1" deprecated="false"/>
    <element name="56" description="Philippine Sea" id="4DC226FE309BC48E7935320F58ACD2A8" deprecated="false"/>
    <element name="57" description="North Pacific Ocean" id="6E131550BB192910CF8CFD3982D5CCF1" deprecated="false"/>
    <element name="57a" description="North East Pacific Ocean (limit 180W)" id="AE346BF2C4B026F7FB290143986031ED" deprecated="false"/>
    <element name="57b" description="North West Pacific Ocean (limit 180W)" id="01438067308D734EA7216FD3796F6DE2" deprecated="false"/>
    <element name="58" description="Gulf of Alaska" id="79D2DF97F8C161A06E104979A76A2B89" deprecated="false"/>
    <element name="59" description="Coastal Waters of SE Alaska and British Columbia" id="F511B9BE75612D49EB24A48702ECBEB5" deprecated="false"/>
    <element name="6" description="Norwegian Sea" id="C0CA9080A711D7680BF4A1EF145C6646" deprecated="false"/>
    <element name="60" description="Gulf of California" id="3A6DC50F685CA280D57367CCF668C005" deprecated="false"/>
    <element name="61" description="South Pacific Ocean" id="8002BEF1C36267FD4F731626E445E7AF" deprecated="false"/>
    <element name="61a" description="South East Pacific Ocean (limit 140W)" id="EE1927F46F25FAA037AE24646DC79272" deprecated="false"/>
    <element name="61b" description="South West Pacific Ocean (limit 140W)" id="DA67336FFE7535857A472B910293E483" deprecated="false"/>
    <element name="62" description="Great Australian Bight" id="C0C79CDCEDE82E19312A9B5DD3875348" deprecated="false"/>
    <element name="62a" description="Bass Strait (Great Australian Bight)" id="A4D285E6E94158B057AA8A28EE88D52B" deprecated="false"/>
    <element name="63" description="Tasman Sea" id="9A147B1F13E0CC1C08C69A030D9C43F5" deprecated="false"/>
    <element name="64" description="Coral Sea" id="97C5AEE6C913A619FB24ACA78645364F" deprecated="false"/>
    <element name="65" description="Solomon Sea" id="76C15E4B20C2E8011BFA629663C07B05" deprecated="false"/>
    <element name="66" description="Bismarck Sea" id="7EF01EFD258DF5C29AD52DCB3C65AF08" deprecated="false"/>
    <element name="7" description="Barents Sea" id="877B01E314525469C4A4513D04BB11AA" deprecated="false"/>
    <element name="8" description="White Sea" id="491EFA5031D5752CE30410405D46C22A" deprecated="false"/>
    <element name="9" description="Kara Sea" id="388ECEC82B859D0EE3ED61DBA30B3143" deprecated="false"/>
    <element name="ARA" description="Aral Sea" id="D921CA015ADBDB507B4D0994921BDD20" deprecated="false"/>
    <element name="CAS" description="Caspian Sea" id="8BBC5C0427B722CBD065797337FD3309" deprecated="false"/>
    <element name="ESC" description="Eastern Scheldt" id="2267DFE5A62BC105A22E2085B0701488" deprecated="false"/>
    <element name="GLO" description="Worldwide" id="8BECB07BE06E6C18C474E59BAEF975DF" deprecated="false"/>
    <element name="ICS" description="Iceland Sea" id="D6A5E11A0F9BDA0F783586A09ACF8ED8" deprecated="false"/>
    <element name="IJM" description="IJsselmeer" id="BF4F958BAA28B92D949AD0B30B75D2C7" deprecated="false"/>
    <element name="IRM" description="Irminger Sea" id="3FD5F6335CE8D693D46C4C9FE43EEEF2" deprecated="false"/>
    <element name="MKM" description="Markermeer" id="2803817AC111496B8168608672452290" deprecated="false"/>
    <element name="SOC" description="Southern Ocean" id="C1BAC4774B994846BC79660F40A208A6" deprecated="false"/>
    <element name="WAS" description="Wadden Sea" id="856BF63B07C71DD8E8A7EA6FF603ACB3" deprecated="false"/>
    <element name="WSC" description="Western Scheldt" id="D53A2492CB2A2C0A1DDCEB8C7CDD38EA" deprecated="false"/>
    <element name="ZZ" description="Unknown" id="42A79EE545DCB4E6D58D51E3D52EF4ED" deprecated="false"/>
</seaAreasList>
