<?xml version="1.0" encoding="UTF-8" standalone="yes"?>
<list xmlns="http://www.imr.no/formats/nmdreference/v1" tableName="Skallalder stadier for kongekrabbe" description="Skallalder stadier for kongekrabbe" lookupName="Skallalder stadier for kongekrabbe">
    <lastChanged>2013-02-06T00:00:00.000+01:00</lastChanged>
    <element shortname="Ikke observert" name="" description="Ikke observert" validFrom="1996-10-07T00:00:00.000+02:00" validTo="7777-01-01T00:00:00.000+01:00" id="7A63DC9D66ACEC132FDB7682C32D5D4A" deprecated="false"/>
    <element shortname="Carapax ny" name="1" description="Carapax ny. Ny bløt carapax uten begroing. Beina hvite uten skrammer." validFrom="1996-10-07T00:00:00.000+02:00" validTo="7777-01-01T00:00:00.000+01:00" id="7A6C82D4951B501955E78D44A65DA16C" deprecated="false"/>
    <element shortname="Carapax ikke begrodd" name="2" description="Carapax ikke begrodd. Hard carapax, men uten begroing. Coxa hvit-lys gul uten skrammer." validFrom="1996-10-07T00:00:00.000+02:00" validTo="7777-01-01T00:00:00.000+01:00" id="57DF8D4F49862623917C48925BD9C45F" deprecated="false"/>
    <element shortname="Carapax lett begrodd" name="3" description="Carapax lett begrodd. (Tidlig) carapax hard, lett begrodd, gul-gulbrun coxa med skrammer." validFrom="1996-10-07T00:00:00.000+02:00" validTo="7777-01-01T00:00:00.000+01:00" id="761E5D39C5251BACDE8995D8E8CFC845" deprecated="false"/>
    <element shortname="Carapax begrodd" name="4" description="Carapax begrodd. (Sen) carapax hard, begrodd, gulbrun-brun coxa med mange skrammer." validFrom="1996-10-07T00:00:00.000+02:00" validTo="7777-01-01T00:00:00.000+01:00" id="81B35FFDFB6CF7434060448A653A1AA8" deprecated="false"/>
    <element shortname="Carapax mye begrodd" name="5" description="Carapax mye begrodd. Carapax &quot;gir etter&quot; ved press, begrodd med store rur, coxa brun-mørkebrun med mange skrammer." validFrom="1996-10-07T00:00:00.000+02:00" validTo="7777-01-01T00:00:00.000+01:00" id="A438F774475461156B98A0EB88B96D82" deprecated="false"/>
</list>
