<?xml version="1.0" encoding="UTF-8" standalone="yes"?>
<list xmlns="http://www.imr.no/formats/nmdreference/v1" tableName="SKIPSKODE_SPD" description="Kode for hvilket kodesystem som er brukt for skip i SPD fil." lookupName="SKIPSKODE_SPD">
    <lastChanged>2012-02-06T00:00:00.000+01:00</lastChanged>
    <element shortname="Ikke observert" name="" description="Ikke observert, (ukjent fartøy)" validFrom="1900-01-01T00:00:00.000+01:00" validTo="7777-01-01T00:00:00.000+01:00" id="34A4CAAEE454F276D48748CCD68FD4BD" deprecated="false"/>
    <element shortname="Fartøy i kommersielt fiske" name="1" description="Fartøy i kommersielt fiske, kjent eller ukjent (SKIP kodes med ITU kallesignal)." validFrom="1900-01-01T00:00:00.000+01:00" validTo="7777-01-01T00:00:00.000+01:00" id="D3D8DD375C6339AFC1CD77D416EF71E1" deprecated="false"/>
    <element shortname="Kommersielt eller leid fartøy" name="3" description="Fartøy, kommersielt eller leid, hvor forsøket/redskapet IKKE er representativt for kommersiell fangst/landing (SKIP kodes med ITU kallesignal)." validFrom="1900-01-01T00:00:00.000+01:00" validTo="7777-01-01T00:00:00.000+01:00" id="9FE670035D6913841D8A99EE281828AD" deprecated="false"/>
    <element shortname="Forskningsfartøy" name="4" description="Forskningsfartøy, kjent eller ukjent (SKIP kodes med IOC/NODC skipskode)." validFrom="1900-01-01T00:00:00.000+01:00" validTo="7777-01-01T00:00:00.000+01:00" id="C3E065216E5A326CF40881EFA79D042C" deprecated="false"/>
    <element shortname="Fritidsfiske" name="5" description="Fritidsfiske" validFrom="1900-01-01T00:00:00.000+01:00" validTo="7777-01-01T00:00:00.000+01:00" id="DF9C834189C2E93899703EED2E19280B" deprecated="false"/>
    <element shortname="Ukjent leid fartøy" name="6" description="Ukjent leid fartøy, eller leid fartøy i forskning, eller forskningsfartøy uten IOC/NODC kode (SKIP kodes med ITU kallesignal)." validFrom="1900-01-01T00:00:00.000+01:00" validTo="7777-01-01T00:00:00.000+01:00" id="5B8E5E25498AEEF98F267CBD4E077A9A" deprecated="false"/>
    <element shortname="Havbeitefartøy" name="7" description="Havbeitefartøy (SKIP kodes med spesialkoder)." validFrom="1900-01-01T00:00:00.000+01:00" validTo="7777-01-01T00:00:00.000+01:00" id="94B8CA311269FCEA9BD1D8AEC2B24109" deprecated="false"/>
    <element shortname="Turistfiske" name="8" description="Turistfiske" validFrom="1900-01-01T00:00:00.000+01:00" validTo="7777-01-01T00:00:00.000+01:00" id="129D1CBD296A1CBFF94B809CE865D367" deprecated="false"/>
    <element shortname="Referanseflåten" name="9" description="Referanseflåten (gjelder f.o.m 2008)" validFrom="1900-01-01T00:00:00.000+01:00" validTo="7777-01-01T00:00:00.000+01:00" id="85CBEE6B8E75DD321DE29D0F6C144C06" deprecated="false"/>
</list>
