<?xml version="1.0" encoding="UTF-8" standalone="yes"?>
<list xmlns="http://www.imr.no/formats/nmdreference/v1" tableName="SPESIELL_KJØNN_DYPVANNSREKE_GML" description="Kjønn og stadiebestemmelse for dypvannsreke brukt til 2003" lookupName="SPECIAL_SEX_DYPVANNSREKE_GML">
    <lastChanged>2012-03-06T00:00:00.000+01:00</lastChanged>
    <element shortname="Ikke bestemt" name=" " description="Ikke bestemt" validFrom="1900-01-01T00:00:00.000+01:00" validTo="2003-12-31T00:00:00.000+01:00" id="167AE9EFA06E2C310C8E94DAEE4C984E" deprecated="false"/>
    <element shortname="Hann" name="A" description="Hann" validFrom="1900-01-01T00:00:00.000+01:00" validTo="2003-12-31T00:00:00.000+01:00" id="D26DFF295BA626A8188DDCB86A7D6C7F" deprecated="false"/>
    <element shortname="Intersex HR" name="B" description="Hoderogn" validFrom="1900-01-01T00:00:00.000+01:00" validTo="2003-12-31T00:00:00.000+01:00" id="D6477F640BC70499B543E2975429EA28" deprecated="false"/>
    <element shortname="Intersex UR" name="C" description="Uten rogn" validFrom="1900-01-01T00:00:00.000+01:00" validTo="2003-12-31T00:00:00.000+01:00" id="0AF5C4DD66F3405BB64CF55DF3969627" deprecated="false"/>
    <element shortname="Hunn BR+Ø" name="D" description="Med øyerogn" validFrom="1900-01-01T00:00:00.000+01:00" validTo="2003-12-31T00:00:00.000+01:00" id="9CB1C7C5D60CEE7D0B0F6D825642EE51" deprecated="false"/>
    <element shortname="Hunn BR-Ø" name="E" description="Med rogn uten øyne" validFrom="1900-01-01T00:00:00.000+01:00" validTo="2003-12-31T00:00:00.000+01:00" id="AA74E5A06B8850308C21AE43A51430A7" deprecated="false"/>
    <element shortname="Hunn HR" name="F" validFrom="1900-01-01T00:00:00.000+01:00" validTo="2003-12-31T00:00:00.000+01:00" id="6903621BEA20A386D7F2DB92B69CAFA0" deprecated="false"/>
    <element shortname="Hunn JH" name="G" description="Ferdig med årets gyting" validFrom="1900-01-01T00:00:00.000+01:00" validTo="2003-12-31T00:00:00.000+01:00" id="E47002F2621483087C61CE3568B49A33" deprecated="false"/>
    <element shortname="Hunn UR" name="H" validFrom="1900-01-01T00:00:00.000+01:00" validTo="2003-12-31T00:00:00.000+01:00" id="D9D5A6C6EB5B6DD2AEB91674304756EC" deprecated="false"/>
    <element shortname="Hunn JH/HR" name="I" validFrom="1900-01-01T00:00:00.000+01:00" validTo="2003-12-31T00:00:00.000+01:00" id="5FAE60B97A2706DEA90324EF03112BD7" deprecated="false"/>
    <element shortname="Hunn BR+Ø/HR" name="K" validFrom="1900-01-01T00:00:00.000+01:00" validTo="2003-12-31T00:00:00.000+01:00" id="AA5AE90A94A1E3A0296E585A44159088" deprecated="false"/>
    <element shortname="Hunn BR+Ø/JH" name="L" validFrom="1900-01-01T00:00:00.000+01:00" validTo="2003-12-31T00:00:00.000+01:00" id="83F074CB62E5DAE11B000F305EEB2ABC" deprecated="false"/>
    <element shortname="Hunn BR+Ø/JH+HR" name="M" validFrom="1900-01-01T00:00:00.000+01:00" validTo="2003-12-31T00:00:00.000+01:00" id="651CF9D9E5A91763D6129291E15E1786" deprecated="false"/>
    <element shortname="Hunn BR-Ø/HR" name="N" validFrom="1900-01-01T00:00:00.000+01:00" validTo="2003-12-31T00:00:00.000+01:00" id="7AAC2ECD6C722E19C9DD85C9BCC8F874" deprecated="false"/>
</list>
