<?xml version="1.0" encoding="UTF-8" standalone="yes"?>
<list xmlns="http://www.imr.no/formats/nmdreference/v1" tableName="Spesialstadier_lodde_Forberg_hunn" description="Spesialmodningdstadier for lodde etter Forbergs metode" lookupName="Spesialstadier_lodde_Forberg_hunn">
    <lastChanged>2012-11-19T00:00:00.000+01:00</lastChanged>
    <element shortname="Klasse I - umoden" name="10" description="Eggene er gjennomskinnelige. Finnes hele året, mindre enn 10 cm" validFrom="1977-01-01T00:00:00.000+01:00" validTo="2004-12-31T00:00:00.000+01:00" id="F04E4BB9C42C1BDC121CCE823D3899F7" deprecated="false"/>
    <element shortname="Klasse IIa - tidlig modnende I" name="21" description="Mer enn ca 10 % av egg 0.15 mm i diam er: Runde, klare plommevaluoler fins spredd i cytoplasma" validFrom="1977-01-01T00:00:00.000+01:00" validTo="2004-12-31T00:00:00.000+01:00" id="91ECCF1683EF685F636C78A0571814E6" deprecated="false"/>
    <element shortname="Klasse IIb - tidlig modnende II" name="22" description="Mer enn 10 % av egg i andre vekstfase er runde, klare plommevakuoler fins tett fordelt i hele egget. Eggene er ca 0.2-0.3 mm" validFrom="1977-01-01T00:00:00.000+01:00" validTo="2004-12-31T00:00:00.000+01:00" id="0CC9FC32843F9A0D39D37DDA3DD74855" deprecated="false"/>
    <element shortname="Klasse IIIb - modnende II" name="32" description="Eggene måler 0.2-0.4mm" validFrom="1977-01-01T00:00:00.000+01:00" validTo="2004-12-31T00:00:00.000+01:00" id="3A08F5B37FA8EC81E27CB17C71BE2258" deprecated="false"/>
    <element shortname="Klasse IIIc - modnende III" name="33" description="Eggene måler 0.35-0.5 mm" validFrom="1977-01-01T00:00:00.000+01:00" validTo="2004-12-31T00:00:00.000+01:00" id="3F6FC86113F0D726B535648FF8C5BAFF" deprecated="false"/>
    <element shortname="Klasse IIIa - modnende" name="31" description="Fisk i denne klassen er vanlig funnet i september/oktober (vintergytere). Rogna kan anta en svakt grå eller rosa farge" validFrom="1977-01-01T00:00:00.000+01:00" validTo="2004-12-31T00:00:00.000+01:00" id="B92720B596D5F370A45B4A79BA756C81" deprecated="false"/>
    <element shortname="Klasse IV - raskt modnende" name="40" description="Eggene måler 0.45 - 0.85 mm" validFrom="1977-01-01T00:00:00.000+01:00" validTo="2004-12-31T00:00:00.000+01:00" id="A0C3BE4EB5BBBDF7DD76D06F0939223E" deprecated="false"/>
    <element shortname="Klasse V - moden" name="50" description="Modne eggene spiler ut bukhulen og utgjør 20-25% av fiskens totalvolum" validFrom="1977-01-01T00:00:00.000+01:00" validTo="2004-12-31T00:00:00.000+01:00" id="3BF52EA35EE2BD9883CE4500559B23D8" deprecated="false"/>
    <element shortname="Klasse VI - gytende" name="60" description="Sjeldent forekommende lodda gyter fort. Delvis slunken bukhule." validFrom="1977-01-01T00:00:00.000+01:00" validTo="2004-12-31T00:00:00.000+01:00" id="19A038DB34D153B78E08450A920ADBED" deprecated="false"/>
    <element shortname="Klasse VII - utgytt" name="70" description="Noen få modne egg kan finnes i rognvev og bukhule" validFrom="1977-01-01T00:00:00.000+01:00" validTo="2004-12-31T00:00:00.000+01:00" id="F0DBCC97619FBF70E611FF0E36BCDF20" deprecated="false"/>
    <element shortname="Klasse VIII - utgytt/tidlig m." name="80" description="Tomme follikler" validFrom="1977-01-01T00:00:00.000+01:00" validTo="2004-12-31T00:00:00.000+01:00" id="4C71ED534F1CC2D1BC70E26EC793BB07" deprecated="false"/>
    <element shortname="Klasse IX - degenererende" name="90" description="Mer enn 50% av eggene er degenererende" validFrom="1977-01-01T00:00:00.000+01:00" validTo="2004-12-31T00:00:00.000+01:00" id="CFA169A32484AA3CA54C436B8CF5B066" deprecated="false"/>
    <element shortname="Klasse IXa" name="91" description="Degenererende kl I" validFrom="1977-01-01T00:00:00.000+01:00" validTo="2004-12-31T00:00:00.000+01:00" id="5F0FC73334F14C90FA2A04C4853FC85B" deprecated="false"/>
    <element shortname="Klasse IXb" name="92" description="Degenererende kl II" validFrom="1977-01-01T00:00:00.000+01:00" validTo="2004-12-31T00:00:00.000+01:00" id="9ECCC15348CC088607E97DE0E4CBD6FC" deprecated="false"/>
    <element shortname="Klasse IXc" name="93" description="Degenererende kl III" validFrom="1977-10-01T00:00:00.000+01:00" validTo="2004-12-31T00:00:00.000+01:00" id="E468A6936D639FA14246E535296F8B67" deprecated="false"/>
    <element shortname="Klasse IXd" name="94" description="Degenererende kl IV" validFrom="1977-01-01T00:00:00.000+01:00" validTo="2004-12-31T00:00:00.000+01:00" id="68C232D56270BF1C903AC2303E4517F2" deprecated="false"/>
    <element shortname="Klasse IXe" name="95" description="Degenererende kl V" validFrom="1977-01-01T00:00:00.000+01:00" validTo="2004-12-31T00:00:00.000+01:00" id="667A8F3839B1314F2EBEA8E8CD5B84AB" deprecated="false"/>
    <element shortname="Klasse IXf" name="96" description="Degenererende kl VI" validFrom="1977-01-01T00:00:00.000+01:00" validTo="2004-12-31T00:00:00.000+01:00" id="5EE03F34C70455A51667093971946F16" deprecated="false"/>
    <element shortname="Klasse IXg" name="97" description="Degenererende kl VII" validFrom="1977-01-01T00:00:00.000+01:00" validTo="2004-12-31T00:00:00.000+01:00" id="9F1891354839359DF382F38D995116F9" deprecated="false"/>
</list>
