<?xml version="1.0" encoding="UTF-8" standalone="yes"?>
<list xmlns="http://www.imr.no/formats/nmdreference/v1" tableName="Spesialstadier for sjøkreps" description="Spesialstadier for sjøkreps" lookupName="Spesialstadier for sjøkreps">
    <lastChanged>2013-02-06T00:00:00.000+01:00</lastChanged>
    <element shortname="Grønn gonade pos 2 (5)" name="5" description="Grønn gonade pos 2 (5)" validFrom="2008-06-01T00:00:00.000+02:00" validTo="7777-01-01T00:00:00.000+01:00" id="7860DA8C4E9FADAC8F67EB77107AAABD" deprecated="false"/>
    <element shortname="Rognhunn" name="7" description="Rognhunn" validFrom="2008-06-01T00:00:00.000+02:00" validTo="7777-01-01T00:00:00.000+01:00" id="3F51F9C5D5192D74E4DFC38EA871FA5E" deprecated="false"/>
    <element shortname="Rognhunn (øyerogn)" name="8" description="Rognhunn (øyerogn)" validFrom="2008-06-01T00:00:00.000+02:00" validTo="7777-01-01T00:00:00.000+01:00" id="B8E38D5AAA443086FDB06EAA69B11B4A" deprecated="false"/>
    <element shortname="Nylig klekket rogn" name="9" description="Nylig klekket rogn" validFrom="2008-06-01T00:00:00.000+02:00" validTo="7777-01-01T00:00:00.000+01:00" id="91D23D6210684ABC5D50125F8CC0FF4F" deprecated="false"/>
    <element shortname="Ikke bestemt" name=" " description="Ikke bestemt" validFrom="2008-06-01T00:00:00.000+02:00" validTo="7777-01-01T00:00:00.000+01:00" id="0DB59081296412E25AAC1299B80D916C" deprecated="false"/>
    <element shortname="Ikke stadiebestemt hunn" name="1" description="Ikke stadiebestemt hunn" validFrom="2008-06-01T00:00:00.000+02:00" validTo="7777-10-01T00:00:00.000+02:00" id="DA2121908269E58F9F1B1FC87BD47CFD" deprecated="false"/>
    <element shortname="Hann" name="2" description="Hann" validFrom="2008-06-01T00:00:00.000+02:00" validTo="7777-01-01T00:00:00.000+01:00" id="6E406B7CC0BB81886396810245DDD0E1" deprecated="false"/>
    <element shortname="Hvitgul gonade" name="3" description="Hvitgul gonade" validFrom="2008-06-01T00:00:00.000+02:00" validTo="7777-01-01T00:00:00.000+01:00" id="B943F88B62ACB1F07F998870A9F57B11" deprecated="false"/>
    <element shortname="Grønn gonade pos 1 (4)" name="4" description="Grønn gonade pos 1 (4)" validFrom="2008-06-01T00:00:00.000+02:00" validTo="7777-01-01T00:00:00.000+01:00" id="D54F41CF42153B1B652F6893289B5FDD" deprecated="false"/>
    <element shortname="Grønn gonade pos 3(6)" name="6" description="Grønn gonade pos 3(6)" validFrom="2008-06-01T00:00:00.000+02:00" validTo="7777-01-01T00:00:00.000+01:00" id="AE8ABCD2E7A4AE6ACCF39F8526003A4A" deprecated="false"/>
</list>
