<?xml version="1.0" encoding="UTF-8" standalone="yes"?>
<list xmlns="http://www.imr.no/formats/nmdreference/v1" tableName="Spesialstadium for haier som føder levende unger, hunn fra 2012" description="Spesialstadium for haier som føder levende unger, hunn fra 2012" lookupName="Spesialstadium for haier som føder levende unger, hunn fra 2012">
    <lastChanged>2014-05-19T00:00:00.000+02:00</lastChanged>
    <element shortname="Modnende" name="2" description="Skallkjertelen klart synlig, men ikke ferdig utviklet*." validFrom="2012-01-01T00:00:00.000+01:00" validTo="7777-01-01T00:00:00.000+01:00" id="8deb3d1ea79448f8a8e197bae5fccdbf" deprecated="false"/>
    <element shortname="Ikke bestemt" name="" description="Ikke bestemt" validFrom="2012-01-01T00:00:00.000+01:00" validTo="7777-01-01T00:00:00.000+01:00" id="7303f6fcfeb54afba3d5f56dc06c6cf4" deprecated="false"/>
    <element shortname="Umoden" name="1" description="Skallkjertelen liten eller ikke synlig." validFrom="2012-01-01T00:00:00.000+01:00" validTo="7777-01-01T00:00:00.000+01:00" id="69331e81170c47a8967793e86cbc8d7f" deprecated="false"/>
    <element shortname="Moden" name="3" description="Flere store og gule egg med omtrent samme størrelse*." validFrom="2012-01-01T00:00:00.000+01:00" validTo="7777-01-01T00:00:00.000+01:00" id="c0716bfc16774600a283a6897e45854b" deprecated="false"/>
    <element shortname="Aktivt moden (tidlig gravid)" name="4" description="Embryo kan ikke ses." validFrom="2012-01-01T00:00:00.000+01:00" validTo="7777-01-01T00:00:00.000+01:00" id="d6e510fe9d584901a9aab5d64459bd8d" deprecated="false"/>
    <element shortname="Aktivt moden (mid-gravid)" name="5" description="Embryo kan alltid ses. De er små og med relativt stor plommesekk." validFrom="2012-01-01T00:00:00.000+01:00" validTo="7777-01-01T00:00:00.000+01:00" id="8697bd4570494cd1989a6b8158d5c7c4" deprecated="false"/>
    <element shortname="Aktivt moden (sent gravid)" name="6" description="Embryo fullt utviklet." validFrom="2012-01-01T00:00:00.000+01:00" validTo="7777-01-01T00:00:00.000+01:00" id="130618cdee1449698081cd68930f16cf" deprecated="false"/>
    <element shortname="Hvilende (sjelden observert)" name="7" description="Gonadene redusert i størrelse, med degenererende (atretic) egg/follikler. Skallkjertelens diameter kan være redusert." validFrom="2012-01-01T00:00:00.000+01:00" validTo="7777-01-01T00:00:00.000+01:00" id="7817fc575ddf46209988cc912b8203dc" deprecated="false"/>
    <element shortname="Regenererende" name="8" description="Gonadene er full av små egg av ulik størrelse, som i stadium 2, samt degenererte (atretic) egg/follikler." validFrom="2012-01-01T00:00:00.000+01:00" validTo="7777-01-01T00:00:00.000+01:00" id="4cb28db6559e467e8666db6cbaffcd0f" deprecated="false"/>
</list>
