<?xml version="1.0" encoding="UTF-8" standalone="yes"?>
<list xmlns="http://www.imr.no/formats/nmdreference/v1" tableName="Spesialstadier for uerfamilien, hofisk." description="Spesialstadier for uerfamilien, hofisk." lookupName="Spesialstadier for uerfamilien, hofisk.">
    <lastChanged>2013-02-06T00:00:00.000+01:00</lastChanged>
    <element shortname="Modnande. " name="2" description="Relativt fast ovarium med gyldne gule og opake egg. " validFrom="1995-01-01T00:00:00.000+01:00" validTo="7777-01-01T00:00:00.000+01:00" id="72B7C73A5AFA93BF4F59FD86D22DC7CC" deprecated="false"/>
    <element shortname="Laust ovarium." name="3" description="Laust ovarium med lause gulaktige og gjennomskinlege egg (dvs. egga er befrukta). " validFrom="1995-01-01T00:00:00.000+01:00" validTo="7777-01-01T00:00:00.000+01:00" id="5AE8F09D18C902A03A64483DBF5842E5" deprecated="false"/>
    <element shortname="Embryo." name="4" description="Kan med augene sjå embryo (larvane) inne i egga. " validFrom="1995-01-01T00:00:00.000+01:00" validTo="7777-01-01T00:00:00.000+01:00" id="67F83F31C3540A477AAF514C1FA548BE" deprecated="false"/>
    <element shortname="Utgytt&quot;. " name="6" description="Stort, laust, purpur, blodfarga ovarium eller fast, grått eller rosa. " validFrom="1995-01-01T00:00:00.000+01:00" validTo="7777-01-01T00:00:00.000+01:00" id="270EB316453E0A22FEDCA02D627A1AB2" deprecated="false"/>
    <element shortname="Gytande. " name="5" description="Eggmembranen har blitt broten og larvane frigjort. " validFrom="1995-01-01T00:00:00.000+01:00" validTo="7777-01-01T00:00:00.000+01:00" id="08732F7C576D17168258F84B63CE00BD" deprecated="false"/>
    <element shortname="Usikker." name="7" description="Usikker." validFrom="1995-01-01T00:00:00.000+01:00" validTo="7777-01-01T00:00:00.000+01:00" id="D9395CE117FFBC4650DD311FFBEFE0A2" deprecated="false"/>
    <element shortname="Umoden. " name="1" description="Lite gjennomskinleg eller gult ovarium (eggstokk) utan tydelege egg. " validFrom="1995-01-01T00:00:00.000+01:00" validTo="7777-01-01T00:00:00.000+01:00" id="C57F8118F599DCB449FAB2D2FE1DC266" deprecated="false"/>
</list>
