<?xml version="1.0" encoding="UTF-8" standalone="yes"?>
<list xmlns="http://www.imr.no/formats/nmdreference/v1" tableName="Spesialstadier for bruskfisk, hann" description="Spesialstadier for bruskfisk, hann" lookupName="Spesialstadier for bruskfisk, hann">
    <lastChanged>2014-05-21T00:00:00.000+02:00</lastChanged>
    <element shortname="Ikke bestemt" name="" description="Ikke bestemt" validFrom="2011-11-23T00:00:00.000+01:00" validTo="7777-01-01T00:00:00.000+01:00" id="f8d97b8e5d10402f8b86f93fe37a4732" deprecated="false"/>
    <element shortname="Umoden" name="1" description="Klasper fleksible og kortere enn bukfinnene. " validFrom="2011-11-23T00:00:00.000+01:00" validTo="7777-01-01T00:00:00.000+01:00" id="eba12b6a42704e31b6badb4b6131986d" deprecated="false"/>
    <element shortname="Modnende" name="2" description="Klasper fleksible og like lang eller lenger enn bukfinnene." validFrom="2011-11-23T00:00:00.000+01:00" validTo="7777-01-01T00:00:00.000+01:00" id="ca7256451fb0415dbd1674170e6c7326" deprecated="false"/>
    <element shortname="Moden" name="3" description="Klasper er forkalket (harde/stive) og lenger enn bukfinnene." validFrom="2011-11-23T00:00:00.000+01:00" validTo="7777-01-01T00:00:00.000+01:00" id="f59e093874b544ac81c82d0b1a6a5b43" deprecated="false"/>
    <element shortname="Aktivt moden" name="4" description="Lik stadium 3, men sperm kommer ut av gattet ved press på buken og/eller spermkanalene." validFrom="2011-11-23T00:00:00.000+01:00" validTo="7777-01-01T00:00:00.000+01:00" id="04b91624012f41c7ae950ac1d6ad7345" deprecated="false"/>
    <element shortname="Hvilende (sjelden observert)" name="5" description="Klasper er fullt utviklede som i stadium 3, men gonadene er redusert i størrelse og dvaske. Spermkanalenei bukhulen er tomme." validFrom="2011-11-23T00:00:00.000+01:00" validTo="7777-01-01T00:00:00.000+01:00" id="70c66c397bcb46ffb4f3dc187f4377c7" deprecated="false"/>
</list>
