<?xml version="1.0" encoding="UTF-8" standalone="yes"?>
<list xmlns="http://www.imr.no/formats/nmdreference/v1" tableName="Spesialstadier for breiflabb, hann" description="Spesialstadier for breiflabb, hann" lookupName="SPESIAL_BREIFLABB_HANN">
    <lastChanged>2013-02-06T00:00:00.000+01:00</lastChanged>
    <element shortname="Umoden a" name="1" description="Umoden a. Gonadene er lange, smale (&lt;5 mm brede) og har en tube-lignende struktur. Sperm-kanalen er tydelig, men blek og uten synlige blodårer. Gonadenes volum er ubetydelig i forhold til de andre organene." validFrom="2004-01-01T00:00:00.000+01:00" validTo="7777-01-01T00:00:00.000+01:00" id="ED298091753C8836FC5624ABBBFD3B8B" deprecated="false"/>
    <element shortname="Umoden b" name="2" description="Umoden b. De noe flattrykte, tube-lignende gonadene har økt i lengde, og spesielt, i bredde. Blodårer har begynt å bli synlige rundt sperm-kanalen. Volumet til gonadene utgjør omtrent halvparten av det tarmene gjør. Melke er ikke synlig hvis man kutter gonaden." validFrom="2004-01-01T00:00:00.000+01:00" validTo="7777-01-01T00:00:00.000+01:00" id="861FB14336018E472A9FD113ABFB57A1" deprecated="false"/>
    <element shortname="Moden eller gytende" name="4" description="Moden eller gytende. Melke renner fra fisken ved et lett trykk. Gonadene virker oppsvulmet og store mengder melke renner ut hvis man kutter dem." validFrom="2004-01-01T00:00:00.000+01:00" validTo="7777-01-01T00:00:00.000+01:00" id="52ECBE4E8AD286B3E5DE116C8F563B63" deprecated="false"/>
    <element shortname="Utgytt eller hvilende" name="5" description="Utgytt eller hvilende. Gonadene er veldig slappe, og ser rød-flekkete ut. Melke kan fremdeles finnes hos nylig utgytte individ, men ingenting kommer ut ved trykk. Den bakerste delen av gonaden er noen ganger smalere enn den fremre delen. Blodårer er fremdeles tydelige ved sperm-kanalen, og kantene av gonadene er noen ganger gjennomsiktige." validFrom="2004-01-01T00:00:00.000+01:00" validTo="7777-01-01T00:00:00.000+01:00" id="1F132906A0D8ADE4212D05A5A8DE0DC9" deprecated="false"/>
    <element shortname="Ikke bestemt" name="" description="Ikke bestemt" validFrom="2004-01-01T00:00:00.000+01:00" validTo="7777-01-01T00:00:00.000+01:00" id="47B4E8395047468C6FFC2F26E0B9F84C" deprecated="false"/>
    <element shortname="Modnende" name="3" description="Modnende. Gonadene er faste i konsistensen, ingen melke kommer ut når man trykker på fisken. Moderate til store mengder melke renner fra gonaden dersom den blir kuttet. Tydelige blodårer kan nå ses rundt sperm-kanalen." validFrom="2004-01-01T00:00:00.000+01:00" validTo="7777-01-01T00:00:00.000+01:00" id="A406C0D965F68707B9274200DC0BE7E6" deprecated="false"/>
</list>
