<?xml version="1.0" encoding="UTF-8" standalone="yes"?>
<list xmlns="http://www.imr.no/formats/nmdreference/v1" tableName="Spesialstadier for dypvannsreke" description="Spesialstadier for dypvannsreke" lookupName="Spesialstadier for dypvannsreke">
    <lastChanged>2013-12-23T00:00:00.000+01:00</lastChanged>
    <element shortname="Ikke bestemt" name="" description="Ikke bestemt" validFrom="2004-01-01T00:00:00.000+01:00" validTo="7777-01-01T00:00:00.000+01:00" id="ABA006AF446326520F1814193C10ED69" deprecated="false"/>
    <element shortname="Hanner (yngel)" name="2" description="Hanner (yngel). Bukpiggene er tydelige. Endopoditt ved 1. pleopde har maskulin karakter." validFrom="2004-01-01T00:00:00.000+01:00" validTo="7777-01-01T00:00:00.000+01:00" id="A76BD42BB1872636EB7AC775EE43DC5D" deprecated="false"/>
    <element shortname="Intersex (overgangsdyr)" name="3" description="Intersex (overgangsdyr). Bukpiggene er tydelige. Endopoditt ved 1. pleopode har intersex/feminin karakter." validFrom="2004-01-01T00:00:00.000+01:00" validTo="7777-01-01T00:00:00.000+01:00" id="609BBBAFEAB2154B0F31F7500851247B" deprecated="false"/>
    <element shortname="Hunner (1. gangs-gytere)" name="4" description="Hunner (førstegangs-gytere). Bukpiggene er tydelige. Hoderogn er klart synelig. Endopoditt ved 1. pleopode har feminin karakter." validFrom="2004-01-01T00:00:00.000+01:00" validTo="7777-01-01T00:00:00.000+01:00" id="CE371B67DC5DB7DB735F0A5BF1937FBF" deprecated="false"/>
    <element shortname="Hunner 9" name="9" description="Hunner Bukpiggene er tydelige. Uten hoderogn og utrogn, men har skiftet kjønn." validFrom="2004-01-01T00:00:00.000+01:00" validTo="7777-01-01T00:00:00.000+01:00" id="0918CBDD33AE48DC94556936FB0A3B28" deprecated="false"/>
    <element shortname="Hunner 5" name="5" description="Hunner Bukpiggene er redusert (mindre spisse). Eggmassen er festet til underkroppen. (Hoderogn kan være synlig)." validFrom="2004-01-01T00:00:00.000+01:00" validTo="7777-01-01T00:00:00.000+01:00" id="D347110BEA3934C01801425417DC2491" deprecated="false"/>
    <element shortname="Hunner 6" name="6" description="Hunner Bukpiggene er redusert. Tydelige setae og/eller rester av egg eller egg som klekker. (Hoderogn kan være synlig)." validFrom="2004-01-01T00:00:00.000+01:00" validTo="7777-01-01T00:00:00.000+01:00" id="C5C91646EB69B12B342DABBC65DB1144" deprecated="false"/>
    <element shortname="Hunner (hvilestadium)" name="7" description="Hunner (hvilestadium) Bukpiggene er redusert eller forsvunnet helt. Ingen setae, ingen tegn til egg festet til underkroppen." validFrom="2004-01-01T00:00:00.000+01:00" validTo="7777-01-01T00:00:00.000+01:00" id="39A3E0E72DF1EF70CE348CC878283D0D" deprecated="false"/>
    <element shortname="Hunner (2. gangs-gytere)" name="8" description="Hunner (andregangs-gytere) Bukpiggene er redusert eller forsvunnet helt. Tydelig hoderogn." validFrom="2004-01-01T00:00:00.000+01:00" validTo="7777-01-01T00:00:00.000+01:00" id="81C2C44943CAD7F986D6CFDF601CE0B4" deprecated="false"/>
</list>
