<?xml version="1.0" encoding="UTF-8" standalone="yes"?>
<list xmlns="http://www.imr.no/formats/nmdreference/v1" tableName="Spesialstadium for haier som føder levende unger, hann fra 2012" description="Spesialstadium for haier som føder levende unger, hann fra 2012" lookupName="Spesialstadium for haier som føder levende unger, hann fra 2012">
    <lastChanged>2014-05-19T00:00:00.000+02:00</lastChanged>
    <element shortname="Ikke bestemt" name="" description="Ikke bestemt" validFrom="2012-01-01T00:00:00.000+01:00" validTo="7777-01-01T00:00:00.000+01:00" id="7a5cf7107d424bad8f31be8e84642053" deprecated="false"/>
    <element shortname="Umoden" name="1" description="Klasper fleksible og kortere enn bukfinnene." validFrom="2012-01-01T00:00:00.000+01:00" validTo="7777-01-01T00:00:00.000+01:00" id="4f5a9a6793614c7ab8e1be4f1dfb60ec" deprecated="false"/>
    <element shortname="Modnende" name="2" description="Klasper fleksible og like lang eller lenger enn bukfinnene." validFrom="2012-01-01T00:00:00.000+01:00" validTo="7777-01-01T00:00:00.000+01:00" id="ae1ba06eaa82400fa20534cb8720e45f" deprecated="false"/>
    <element shortname="Moden" name="3" description="Klasper er forkalket (harde/stive) og lenger enn bukfinnene." validFrom="2012-01-01T00:00:00.000+01:00" validTo="7777-01-01T00:00:00.000+01:00" id="1b8fe02df05942f5a1e2853b82ef57d9" deprecated="false"/>
    <element shortname="Aktivt moden" name="4" description="Lik stadium 3, men sperm kommer ut av gattet ved press på buken og/eller spermkanalene." validFrom="2012-01-01T00:00:00.000+01:00" validTo="7777-01-01T00:00:00.000+01:00" id="5961563a5ff34bf0bbef314e9280fc99" deprecated="false"/>
    <element shortname="Hvilende" name="7" description="Klasper er fullt utviklede som i stadium 3, men gonadene er redusert i størrelse og dvaske. Spermkanalene i bukhulen er tomme." validFrom="2012-01-01T00:00:00.000+01:00" validTo="7777-01-01T00:00:00.000+01:00" id="c356a8b44b6b4711b7ba9437b4fe9905" deprecated="false"/>
</list>
