<?xml version="1.0" encoding="UTF-8" standalone="yes"?>
<list xmlns="http://www.imr.no/formats/nmdreference/v1" tableName="Spesialstadier for skolest, hann" description="Spesialstadier for skolest, hann" lookupName="SPESIAL_SKOLEST_HANN">
    <lastChanged>2013-02-06T00:00:00.000+01:00</lastChanged>
    <element shortname="Ikke bestemt" name="" description="Ikke bestemt" validFrom="2008-08-01T00:00:00.000+02:00" validTo="7777-01-01T00:00:00.000+01:00" id="C1311647202000FC4F000907FFF4066C" deprecated="false"/>
    <element shortname="Juvenil" name="1" description="Juvenil, veldig små gonader, trådlignende." validFrom="2008-08-01T00:00:00.000+02:00" validTo="7777-01-01T00:00:00.000+01:00" id="86C6CE9A72756C610B3AB571EBDD0899" deprecated="false"/>
    <element shortname="Små gonader visc." name="2" description="Små gonader, viscouse melke." validFrom="2008-08-01T00:00:00.000+02:00" validTo="7777-01-01T00:00:00.000+01:00" id="ABB839D6DF136B5FC721960795E6A69F" deprecated="false"/>
    <element shortname="Større gonader" name="3" description="Større gonader, viscouse melke." validFrom="2008-08-01T00:00:00.000+02:00" validTo="7777-01-01T00:00:00.000+01:00" id="6FA0362D363B0413F26A615F2DFF19A7" deprecated="false"/>
    <element shortname="Store gonader" name="4" description="Store gonader, mindre viscouse melke (mer flytende)." validFrom="2008-08-01T00:00:00.000+02:00" validTo="7777-01-01T00:00:00.000+01:00" id="73B1E7F0510265CF5E60526F93A990F5" deprecated="false"/>
    <element shortname="Rennende" name="5" description="Rennende" validFrom="2008-08-01T00:00:00.000+02:00" validTo="7777-01-01T00:00:00.000+01:00" id="24E45E71C68A109343E8627776C534A4" deprecated="false"/>
    <element shortname="Små gonader blålig" name="6" description="Små gonader, blålig farge, røde kanaler." validFrom="2008-08-01T00:00:00.000+02:00" validTo="7777-01-01T00:00:00.000+01:00" id="52B79C82BC28CDB9284A589ABDFF1B9D" deprecated="false"/>
    <element shortname="Utgytt" name="7" description="Utgytt og regenererende, tynne bånd." validFrom="2008-08-01T00:00:00.000+02:00" validTo="7777-01-01T00:00:00.000+01:00" id="BF9F1BC552DF9B4ACCF87A10A4BCA68B" deprecated="false"/>
</list>
