<?xml version="1.0" encoding="UTF-8" standalone="yes"?>
<list xmlns="http://www.imr.no/formats/nmdreference/v1" tableName="Spesialstadier for breiflabb, hunn" description="Spesialstadier for breiflabb, hunn" lookupName="SPESIAL_BREIFLABB_HUNN">
    <lastChanged>2013-02-06T00:00:00.000+01:00</lastChanged>
    <element shortname="Ikke bestemt" name="" description="Ikke bestemt" validFrom="2004-01-01T00:00:00.000+01:00" validTo="7777-01-01T00:00:00.000+01:00" id="975AF9F9C2F692A90BC455E93A87589C" deprecated="false"/>
    <element shortname="Umoden a" name="1" description="Umoden a. Gonadene er smale (&lt;2 cm brede), tynne bånd. De er gjennomskinnelige og ingen rognkorn eller blodårer er synlige. Blodårer kan derimot sees i vevet/membranen som går ut mot gonadene. Volumet til gonadene er ubetydelig i forhold til andre organ." validFrom="2004-01-01T00:00:00.000+01:00" validTo="7777-01-01T00:00:00.000+01:00" id="EC1698048F10BBD31AAE742100D5933A" deprecated="false"/>
    <element shortname="Umoden b" name="2" description="Umoden b. Gonadene er noe lengre, og spesielt, bredere (2-4 cm). De er mindre gjennom-skinnelige og en kan se blodårer. Fremdeles er rognkorn ikke synlige, men gonadene begynner å få en ”kornete” konsistens. Volumet til gonadene er omtrent det samme som for tarmene." validFrom="2004-01-01T00:00:00.000+01:00" validTo="7777-01-01T00:00:00.000+01:00" id="821912A3F0CFE5D975F004BFDC17395A" deprecated="false"/>
    <element shortname="Modnende" name="3" description="Modnende. Gonadene er betydelig bredere (&gt;4 cm) og, spesielt, lengre. De har tydelige blodårer. Opake rognkorn kan ses, og på slutten av stadiet sitter de fast i en gelatinøs masse. Volumet av gonadene fyller mesteparten av bukhulen." validFrom="2004-01-01T00:00:00.000+01:00" validTo="7777-01-01T00:00:00.000+01:00" id="B7FA56EBC35EE0E56BF301CA3CBE4ABA" deprecated="false"/>
    <element shortname="Moden eller gytende" name="4" description="Moden eller gytende. Gonadene er ekstremt lange (&gt;6 m) og brede (20-30cm) og fyller mesteparten av bukhulen. De oransje eggene (1-2mm) har mørkere kjerner, og sitter i en transparent gelatinøs masse. Gonadene har tydelige blodårer." validFrom="2004-01-01T00:00:00.000+01:00" validTo="7777-01-01T00:00:00.000+01:00" id="0CF2A068F65A1E722D6EB1FF9A6A5C20" deprecated="false"/>
    <element shortname="Utgytt eller hvilende" name="5" description="Utgytt eller hvilende. Gonadene har krympet og er slappe, med langsgående striper. De er fremdeles brede (6-15 cm) og har mange blodårer like etter gyting. Det kan også være noen gjenværende rognkorn. Som hvilende er gonadene opake og har færre blodårer." validFrom="2004-01-01T00:00:00.000+01:00" validTo="7777-01-01T00:00:00.000+01:00" id="D11ED20CC394D43248083BEE41BC68A2" deprecated="false"/>
</list>
