<?xml version="1.0" encoding="UTF-8" standalone="yes"?>
<list xmlns="http://www.imr.no/formats/nmdreference/v1" tableName="Spesialstadium for haier som føder levende unger, hunn" description="Spesialstadium for haier som føder levende unger, hunn" lookupName="SPESIALSTADIER_HAI_HUNN">
    <lastChanged>2014-05-19T00:00:00.000+02:00</lastChanged>
    <element shortname="Ikke bestemt" name="" description="Ikke bestemt" validFrom="2010-08-01T00:00:00.000+02:00" validTo="2011-12-31T00:00:00.000+01:00" id="B4B6BA678D0E3B85B4222A86C0D72416" deprecated="false"/>
    <element shortname="Umoden" name="1" description="Umoden. Ovariene er små, med små eller ikke synlige egg. Egglederne er små og trådformede. Bredden på ”skallkjertelen” (kjertelen som sitter på egglederen) er ikke mye større enn bredden på egglederen." validFrom="2010-08-01T00:00:00.000+02:00" validTo="2011-12-31T00:00:00.000+01:00" id="E45B09E0B2AB30C8605EBF926AC4C0AB" deprecated="false"/>
    <element shortname="Modnende" name="2" description="Modnende. Ovariene er forstørrede og med egg av ulik størrelse (vanligvis &lt;5 mm diameter) som har lite farge. Eggledere små og trådformede. Bredden på ”skallkjertelen” er større enn bredden på egglederen, men den er ikke hard." validFrom="2010-08-01T00:00:00.000+02:00" validTo="2011-12-31T00:00:00.000+01:00" id="10C5E7E008E505DED55CC5158859E429" deprecated="false"/>
    <element shortname="Moden" name="3" description="Moden. Ovariene er svært store med plommefylte egg (10-30 mm diameter). ”Skallkjertelen” er fullt utviklet og hard. Livmor er fullt utviklet men uten plommemasse (Stadium 4) eller embryo (Stadium 5-6), og er ikke utvidet (Stadium 7)." validFrom="2010-08-01T00:00:00.000+02:00" validTo="2011-12-31T00:00:00.000+01:00" id="333B5BC685858340D43A2C7991BE51BB" deprecated="false"/>
    <element shortname="Tidlig gravid" name="4" description="Tidlig gravid. Livmor med plommemasse (som kan være segmentert eller usegmentert), men uten synlige embryo." validFrom="2010-08-01T00:00:00.000+02:00" validTo="2011-12-31T00:00:00.000+01:00" id="D99D1AF0D3AE0A0E64664D1ABF20BD29" deprecated="false"/>
    <element shortname="Sent gravid" name="6" description="Sent gravid. Livmor med fullt utviklede unger uten (eller med veldig liten) plommesekk." validFrom="2010-08-01T00:00:00.000+02:00" validTo="2011-12-31T00:00:00.000+01:00" id="09EEE36064AF274DB90173197249A07B" deprecated="false"/>
    <element shortname="Etter fødsel/hvilende" name="7" description="Etter fødsel/hvilende. Samme som Stadium 3, men med degenererte egg på ovariene og livmor er utvidet." validFrom="2010-08-01T00:00:00.000+02:00" validTo="2011-12-31T00:00:00.000+01:00" id="442D5CD4F1F471042BCF992E8D05A0E8" deprecated="false"/>
    <element shortname="Halvgått gravid" name="5" description="Halvgått gravid. Livmor fylt med plommesekker og små embryo (kan telles)." validFrom="2010-08-01T00:00:00.000+02:00" validTo="2011-12-31T00:00:00.000+01:00" id="B46654107441EF50FF12C8C78935B3D3" deprecated="false"/>
    <element shortname="Usikker" name="8" description="Usikker. Usikker mellom stadium 7 og 3." validFrom="2010-08-01T00:00:00.000+02:00" validTo="2011-12-31T00:00:00.000+01:00" id="8E858AC8BEF88C760D568FA63386E2BE" deprecated="false"/>
</list>
