<?xml version="1.0" encoding="UTF-8" standalone="yes"?>
<list xmlns="http://www.imr.no/formats/nmdreference/v1" tableName="Spesialstadier for sjøkreps hunn" description="Spesialstadier for sjøkreps hunn" lookupName="Spesialstadier for sjøkreps hunn">
    <lastChanged>2014-02-13T00:00:00.000+01:00</lastChanged>
    <element shortname="Ikke stadiebestemt hunn" name="1" description="Ikke stadiebestemt hunn" validFrom="2008-06-01T00:00:00.000+02:00" validTo="7777-01-01T00:00:00.000+01:00" id="362D27AECBDF99D0034F66454CE3D94B" deprecated="false"/>
    <element shortname="Hvitgul gonade" name="3" description="Hvitgul gonade" validFrom="2008-06-01T00:00:00.000+02:00" validTo="7777-01-01T00:00:00.000+01:00" id="9B2AE5416C5FEC884D3977358124216F" deprecated="false"/>
    <element shortname="Grønn gonade pos 1 (4)" name="4" description="Grønn gonade pos 1 (4)" validFrom="2008-06-01T00:00:00.000+02:00" validTo="7777-01-01T00:00:00.000+01:00" id="414E8681D706F7757B92D6372F6B34CE" deprecated="false"/>
    <element shortname="Grønn gonade pos 2 (5)" name="5" description="Grønn gonade pos 2 (5)" validFrom="2008-06-01T00:00:00.000+02:00" validTo="7777-01-01T00:00:00.000+01:00" id="781E4AA0EAE913651D89A493D73DA9D2" deprecated="false"/>
    <element shortname="Grønn gonade pos 3 (6)" name="6" description="Grønn gonade pos 3 (6)" validFrom="2008-06-01T00:00:00.000+02:00" validTo="7777-01-01T00:00:00.000+01:00" id="4D0DF96878FC69EA6C33F988C30CE653" deprecated="false"/>
    <element shortname="Rognhunn" name="7" description="Rognhunn" validFrom="2008-06-01T00:00:00.000+02:00" validTo="7777-01-01T00:00:00.000+01:00" id="6CC6E13F375D42E6746A4BF658CA7622" deprecated="false"/>
    <element shortname="Rognhunn (øyerogn)" name="8" description="Rognhunn (øyerogn)" validFrom="2008-06-01T00:00:00.000+02:00" validTo="7777-01-01T00:00:00.000+01:00" id="A1285DC2A9043BF1D6280040D3708018" deprecated="false"/>
    <element shortname="Nylig klekket rogn" name="9" description="Nylig klekket rogn" validFrom="2008-06-01T00:00:00.000+02:00" validTo="7777-01-01T00:00:00.000+01:00" id="B649127657DDEB3BB6C39668C83254EA" deprecated="false"/>
</list>
