<?xml version="1.0" encoding="UTF-8" standalone="yes"?>
<list xmlns="http://www.imr.no/formats/nmdreference/v1" tableName="Spesialstadier for bruskfisk, hunn" description="Spesialstadier for bruskfisk, hunn" lookupName="Spesialstadier for bruskfisk, hunn">
    <lastChanged>2014-05-21T00:00:00.000+02:00</lastChanged>
    <element shortname="Moden" name="3" description="Ett eller flere store*, gule egg i tillegg til små egg." validFrom="2011-11-23T00:00:00.000+01:00" validTo="7777-01-01T00:00:00.000+01:00" id="5740267baa824ddeba19760e24e7df36" deprecated="false"/>
    <element shortname="Aktivt moden" name="4" description="Har eggkapsler i livmoren." validFrom="2011-11-23T00:00:00.000+01:00" validTo="7777-01-01T00:00:00.000+01:00" id="d6e9c8d718de4262bcc14587058e7b09" deprecated="false"/>
    <element shortname="Hvilende (sjelden observert)" name="5" description="Gonadene redusert i størrelse, med få egg av ulik størrelse. Skallkjertelens diameter kan være redusert. Livmoren er utvidet og rød (sammenlignet med stadium 2)." validFrom="2011-11-23T00:00:00.000+01:00" validTo="7777-01-01T00:00:00.000+01:00" id="0a75ba8c428d4990a0a2eb2e21a1fb51" deprecated="false"/>
    <element shortname="Umoden" name="1" description="Gonadene er uten synlige egg. Skallkjertelens bredde er mindre enn 2x-3x bredden på livmor." validFrom="2011-11-23T00:00:00.000+01:00" validTo="7777-01-01T00:00:00.000+01:00" id="7e851b320a7e43ffa280d3e1fc3986f0" deprecated="false"/>
    <element shortname="Modnende" name="2" description="Skallkjertelens bredde er mer enn 2x-3x bredden på livmor/eggledere." validFrom="2011-11-23T00:00:00.000+01:00" validTo="7777-01-01T00:00:00.000+01:00" id="7bcd53c2c0854613b8c10d247e9213f6" deprecated="false"/>
    <element shortname="Regenererende" name="6" description="Gonadene er full av små egg av ulik størrelse, som i stadium 2." validFrom="2011-11-23T00:00:00.000+01:00" validTo="7777-01-01T00:00:00.000+01:00" id="a0946adb6c5b44a8842ffa66d3c1ad3c" deprecated="false"/>
    <element shortname="Ikke bestemt" name="" description="Ikke bestemt" validFrom="2011-11-23T00:00:00.000+01:00" validTo="7777-01-01T00:00:00.000+01:00" id="79531e24fb884c919b71f203020f61d5" deprecated="false"/>
</list>
