<?xml version="1.0" encoding="UTF-8" standalone="yes"?>
<list xmlns="http://www.imr.no/formats/nmdreference/v1" tableName="Spesialstadier for blåkveite" description="Spesialstadier for blåkveite" lookupName="Spesialstadier for blåkveite og kveite">
    <lastChanged>2013-02-06T00:00:00.000+01:00</lastChanged>
    <element shortname="Umoden. " name="1" description="Ovariene er svært små, egg ikke synlig med nakne øyne. " validFrom="1999-01-14T00:00:00.000+01:00" validTo="7777-01-01T00:00:00.000+01:00" id="FEFABB45AAEE8B697FD7CFF43A4F328C" deprecated="false"/>
    <element shortname="Modnende (C). " name="4" description="Eggdiameter 2-4 mm. Eggene er gjennomskinnelige (translucent), men med et fargeskjær. " validFrom="1999-01-14T00:00:00.000+01:00" validTo="7777-01-01T00:00:00.000+01:00" id="18E4335DFA31E456F7AE97B5CC180BE5" deprecated="false"/>
    <element shortname="Gytende. " name="5" description="Eggene er gjennomskinnelige, glassklare og store (ca 4-5 mm). Rennende. " validFrom="1999-01-14T00:00:00.000+01:00" validTo="7777-01-01T00:00:00.000+01:00" id="CDB7285331F8ED122F5143B3E0D6B2A5" deprecated="false"/>
    <element shortname="Usikker. " name="7" description="Usikker mellom 6 og 1, kan ikke skille fra Umoden-utgytt/hvilende." validFrom="1999-01-14T00:00:00.000+01:00" validTo="7777-01-01T00:00:00.000+01:00" id="2298A48437542AA2304A91962F449F3D" deprecated="false"/>
    <element shortname="Modnende (A). " name="2" description="Egg er synlige med nakne øyne. " validFrom="1999-01-14T00:00:00.000+01:00" validTo="7777-01-01T00:00:00.000+01:00" id="AB6EE18702C67BEF746B87D64A514F7D" deprecated="false"/>
    <element shortname="Modnende (B). " name="3" description="Egg har diameter 1-2 mm. " validFrom="1999-01-14T00:00:00.000+01:00" validTo="7777-01-01T00:00:00.000+01:00" id="D94BE60F6454F47376C12766A83551CA" deprecated="false"/>
    <element shortname="Utgytt. " name="6" description="Ovariene er rødlige og slappe. Det kan være noen residuale egg enten klare eller opake. Enkelte gonader mangler rødfargen, men er slappe med tykk ovarievegg og har et hulrom i midten. " validFrom="1999-01-14T00:00:00.000+01:00" validTo="7777-01-01T00:00:00.000+01:00" id="AA95F5F2BEEB97DA45DBA58DBB42D3BD" deprecated="false"/>
</list>
