<?xml version="1.0" encoding="UTF-8" standalone="yes"?>
<list xmlns="http://www.imr.no/formats/nmdreference/v1" tableName="Spesialstadier for skolest, hunn" description="Spesialstadier for skolest, hunn" lookupName="SPESIAL_SKOLEST_HUNN">
    <lastChanged>2013-02-06T00:00:00.000+01:00</lastChanged>
    <element shortname="Ikke bestemt" name="" description="Ikke bestemt" validFrom="2008-08-01T00:00:00.000+02:00" validTo="7777-01-01T00:00:00.000+01:00" id="E67EFED6AE774CB5DA95195435394847" deprecated="false"/>
    <element shortname="Juvenil" name="1" description="Juvenil, ovarier transperente og veldig små." validFrom="2008-08-01T00:00:00.000+02:00" validTo="7777-01-01T00:00:00.000+01:00" id="5DEA723828A9F41DDB5100163DD3E2E5" deprecated="false"/>
    <element shortname="Små ovarier" name="2" description="Små ovarier, oocyter synlig, men ikke hydrert." validFrom="2008-08-01T00:00:00.000+02:00" validTo="7777-01-01T00:00:00.000+01:00" id="AEEB91B7E83C866269D4E0577016232C" deprecated="false"/>
    <element shortname="Ovarier noen hydrerte" name="3" description="Ovarier med noen hydrerte oocyter." validFrom="2008-08-01T00:00:00.000+02:00" validTo="7777-01-01T00:00:00.000+01:00" id="F1BAE4DE41D19B32E9F5BB50D8DF5C4D" deprecated="false"/>
    <element shortname="Ovarier fyller kroppshulen" name="4" description="Ovarier fyller mesteparten av kroppshulen, hydrerte oocyter." validFrom="2008-08-01T00:00:00.000+02:00" validTo="7777-01-01T00:00:00.000+01:00" id="221C6580AC15E95193234AAAE811161F" deprecated="false"/>
    <element shortname="Nylig gytt" name="6" description="Nylig gytt, kan inneholde restegg." validFrom="2008-08-01T00:00:00.000+02:00" validTo="7777-01-01T00:00:00.000+01:00" id="A0AF660A5122E71B359D39B8B5954C69" deprecated="false"/>
    <element shortname="Utgytt" name="7" description="Utgytt og regenererende, små ovarier, oocyter ikke lett synlig." validFrom="2008-08-01T00:00:00.000+02:00" validTo="7777-01-01T00:00:00.000+01:00" id="8A123278789994D6CB77901D6A0BB19B" deprecated="false"/>
    <element shortname="Rennende" name="5" description="Rennende" validFrom="2008-08-01T00:00:00.000+02:00" validTo="7777-01-01T00:00:00.000+01:00" id="09C3D2B02D76013B97E4DD3485355C3F" deprecated="false"/>
</list>
