<?xml version="1.0" encoding="UTF-8" standalone="yes"?>
<list xmlns="http://www.imr.no/formats/nmdreference/v1" tableName="Spesialstadier for sild m.m, hunn" description="Spesialstadier for sild m.m, hunn" lookupName="Spesialstadier for sild m.m, hunn">
    <lastChanged>2013-07-01T00:00:00.000+02:00</lastChanged>
    <element shortname="Umoden a" name="1" description="Umoden a) Juvenil fase. Gonadene tråd eller båndformet, tynne og helt transparente og fargeløse. Vanskelig å bestemme kjønn." validFrom="1990-01-01T00:00:00.000+01:00" validTo="7777-01-01T00:00:00.000+01:00" id="021EAAFE0745AC9D6ACA46964C6E19CB" deprecated="false"/>
    <element shortname="Umoden b" name="2" description="Umoden b) Gonadene er noe større i volum, kjønn er relativt lett å se. Gonadene er fremdeles transparente og fargeløse, eller med en antydning til farge." validFrom="1990-01-01T00:00:00.000+01:00" validTo="7777-01-01T00:00:00.000+01:00" id="579EF8DF4DAC4AF6957581D4D2D5C9AC" deprecated="false"/>
    <element shortname="Modnende a" name="3" description="Modnende a) Gonadene opake, men lite utviklet i volum. Tydelige blodårer. Ovariene har gulhvite korn i lameller, kan fylle halve kroppshulen eller mer." validFrom="1990-01-01T00:00:00.000+01:00" validTo="7777-01-01T00:00:00.000+01:00" id="5493507C6DCB30BB2CA69B24100A4D4E" deprecated="false"/>
    <element shortname="Modnende c" name="5" description="Modnende c) Ovariene fyller hele kroppshulen. De fleste eggene er transparente." validFrom="1990-01-01T00:00:00.000+01:00" validTo="7777-01-01T00:00:00.000+01:00" id="D513751AE1977DFB4D2ABB04C7C558F9" deprecated="false"/>
    <element shortname="Gytende" name="6" description="Gytende Rennende gonader. Lett press på buken fører til at egg kommer ut." validFrom="1990-01-01T00:00:00.000+01:00" validTo="7777-01-01T00:00:00.000+01:00" id="0CBB373CF1D6FFB5B096D0F2301D1CEB" deprecated="false"/>
    <element shortname="Utgytt" name="7" description="Utgytt Gonadene slappe, inneholder rester av rognkorn." validFrom="1990-01-01T00:00:00.000+01:00" validTo="7777-01-01T00:00:00.000+01:00" id="BA855B16C67772446415DB442B3A4F3B" deprecated="false"/>
    <element shortname="Hvilestadium" name="8" description="Hvilestadium Gonadene små. Egg ikke synlige. Van-skelig å skille fra stadium 2/ 3." validFrom="1990-01-01T00:00:00.000+01:00" validTo="7777-01-01T00:00:00.000+01:00" id="099D05D41D564361B502AFC57F27F9A4" deprecated="false"/>
    <element shortname="Ikke bestemt" name="" description="Ikke bestemt" validFrom="1990-01-01T00:00:00.000+01:00" validTo="7777-01-01T00:00:00.000+01:00" id="B2347C3D534F8F688B2F48D175F4A6A9" deprecated="false"/>
    <element shortname="Abnorm" name="9" description="Abnorm Gonaden har utviklet seg unormalt, vanskelig å stadiebestemme." validFrom="2013-02-16T00:00:00.000+01:00" validTo="7777-01-01T00:00:00.000+01:00" id="B40FEFE25438FF3C83E95C76FCA0A026" deprecated="false"/>
    <element shortname="Modnende b" name="4" description="Modnende b) Gonadene større i volum. Tydelige blod-årer. Ovariene gulaktige eller hvite, kan fylle 2/3 eller mer av kroppshulen (av-hengig av fiskens kondisjon!) Eggene kan tydelig sees og føles som korn. Eggene i forkant av gonadene er begynt å bli transparente." validFrom="1990-01-01T00:00:00.000+01:00" validTo="7777-01-01T00:00:00.000+01:00" id="9FE21E10611DD41ECCA1A96627CDC8AD" deprecated="false"/>
</list>
