<?xml version="1.0" encoding="UTF-8" standalone="yes"?>
<list xmlns="http://www.imr.no/formats/nmdreference/v1" tableName="Spesialstadier for kolmule og vassild, hann" description="Spesialstadier for kolmule og vassild, hann" lookupName="Spesialstadier for kolmule og vassild, hann">
    <lastChanged>2013-02-06T00:00:00.000+01:00</lastChanged>
    <element shortname="ikke bestemt" name="" description="ikke bestemt" validFrom="1990-01-01T00:00:00.000+01:00" validTo="7777-01-01T00:00:00.000+01:00" id="9193898A16D8953573560D4CBFA74661" deprecated="false"/>
    <element shortname="utgytt(ny mod.)+ F 1/2" name="2" description="utgytt(ny mod.)+ F 1/2" validFrom="1990-01-01T00:00:00.000+01:00" validTo="7777-01-01T00:00:00.000+01:00" id="63C432A7A034B602E7798A9A951CAFC0" deprecated="false"/>
    <element shortname="modnende F 3/4" name="4" description="modnende F 3/4" validFrom="1990-01-01T00:00:00.000+01:00" validTo="7777-01-01T00:00:00.000+01:00" id="CEDB80F6AF6EB34372DAD402D13CC3DD" deprecated="false"/>
    <element shortname="modnende/ferdig modnet F 1" name="5" description="modnende/ferdig modnet F 1" validFrom="1990-01-01T00:00:00.000+01:00" validTo="7777-01-01T00:00:00.000+01:00" id="63718534BA42E743ECD09B4A862D7363" deprecated="false"/>
    <element shortname="gytende/rennende F 1" name="6" description="gytende/rennende F 1" validFrom="1990-01-01T00:00:00.000+01:00" validTo="7777-01-01T00:00:00.000+01:00" id="670B033E6FEC6726CB3A8809264998D2" deprecated="false"/>
    <element shortname="umoden F&lt;1/4" name="1" description="umoden F&lt;1/4" validFrom="1990-01-01T00:00:00.000+01:00" validTo="7777-01-01T00:00:00.000+01:00" id="404BF85827F10B19088743A1CBFEABF6" deprecated="false"/>
    <element shortname="modnende F 2/3" name="3" description="modnende F 2/3" validFrom="1990-01-01T00:00:00.000+01:00" validTo="7777-01-01T00:00:00.000+01:00" id="638090D89CF9BE82AD2AC55F77A4D4F2" deprecated="false"/>
    <element shortname="utgytt F &lt; 3/4" name="7" description="utgytt F &lt; 3/4" validFrom="1990-01-01T00:00:00.000+01:00" validTo="7777-01-01T00:00:00.000+01:00" id="DAE682C163B3B946600A122C57424DD2" deprecated="false"/>
</list>
