<?xml version="1.0" encoding="UTF-8" standalone="yes"?>
<list xmlns="http://www.imr.no/formats/nmdreference/v1" tableName="Spesialstadier for sild m.m, hann" description="Spesialstadier for sild m.m, hann" lookupName="Spesialstadier for sild m.m, hann">
    <lastChanged>2013-07-01T00:00:00.000+02:00</lastChanged>
    <element shortname="Ikke bestemt" name="" description="Ikke bestemt" validFrom="1990-01-01T00:00:00.000+01:00" validTo="7777-01-01T00:00:00.000+01:00" id="AC63599369A44E6609B06892700D3194" deprecated="false"/>
    <element shortname="Umoden a" name="1" description="Umoden a) Juvenil fase. Gonadene tråd eller båndformet, tynne og helt transparente og fargeløse. Vanskelig å bestemme kjønn." validFrom="1990-01-01T00:00:00.000+01:00" validTo="7777-01-01T00:00:00.000+01:00" id="E4920AD45497C7EDE2083EC83860A871" deprecated="false"/>
    <element shortname="Modnende a" name="3" description="Modnende a) Gonadene opake, men lite utviklet i volum. Tydelige blodårer. Testes hvit eller med hvite prikker. Fast konsistens." validFrom="1990-01-01T00:00:00.000+01:00" validTo="7777-01-01T00:00:00.000+01:00" id="50C17E2C259CE1E5B79BBC6D3B9715E0" deprecated="false"/>
    <element shortname="Modnende b" name="4" description="Modnende b) Gonadene større i volum. Tydelige blodårer. Testes lysegrå eller hvit, melken seigtflytende." validFrom="1990-01-01T00:00:00.000+01:00" validTo="7777-01-01T00:00:00.000+01:00" id="1C7EEA30F2A26C6657F367A56E146E53" deprecated="false"/>
    <element shortname="Modnende c" name="5" description="Modnende c) Testes grå eller hvit. Melken lettflytende. Gonadene er ennå ikke rennende, dvs lett press på buken fører ikke til at melke kom-mer ut." validFrom="1990-01-01T00:00:00.000+01:00" validTo="7777-01-01T00:00:00.000+01:00" id="72826E7B0D0833E349D2ACD35E480A97" deprecated="false"/>
    <element shortname="Gytende" name="6" description="Gytende Rennende gonader. Lett press på buken fører til at melke kommer ut." validFrom="1990-01-01T00:00:00.000+01:00" validTo="7777-01-01T00:00:00.000+01:00" id="D02716F6DF948FFB2159B758FF605E6B" deprecated="false"/>
    <element shortname="Hvilestadium" name="8" description="Hvilestadium Gonadene små. Vanskelig å skille fra stadium 2/ 3." validFrom="1990-01-01T00:00:00.000+01:00" validTo="7777-01-01T00:00:00.000+01:00" id="00BCB6CCD01101BF70B58F2B6BE41E75" deprecated="false"/>
    <element shortname="Abnorm" name="9" description="Abnorm Gonaden har utviklet seg unormalt, vanskelig å stadiebestemme" validFrom="2013-02-16T00:00:00.000+01:00" validTo="7777-01-01T00:00:00.000+01:00" id="31639E53840036110F1E0AB7D53C1DDC" deprecated="false"/>
    <element shortname="Umoden b" name="2" description="Umoden b) Gonadene er noe større i volum, kjønn er relativt lett å se. Gonadene er fremdeles transparente og fargeløse, eller med en antydning til farge." validFrom="1990-01-01T00:00:00.000+01:00" validTo="7777-01-01T00:00:00.000+01:00" id="3E8DCA480A0972F8ED699CADE83FAB9D" deprecated="false"/>
    <element shortname="Utgytt" name="7" description="Utgytt Gonadene slappe, inneholder rester av melke." validFrom="1990-01-01T00:00:00.000+01:00" validTo="7777-01-01T00:00:00.000+01:00" id="CF34BCCC472E8FC8F6D4F719CFE55627" deprecated="false"/>
</list>
