<?xml version="1.0" encoding="UTF-8" standalone="yes"?>
<list xmlns="http://www.imr.no/formats/nmdreference/v1" tableName="Spesialstadier for kolmule og vassild, hunn" description="Spesialstadier for kolmule og vassild, hunn" lookupName="Spesialstadier for kolmule og vassild, hunn">
    <lastChanged>2013-02-06T00:00:00.000+01:00</lastChanged>
    <element shortname="ikke bestemt" name="" description="ikke bestemt" validFrom="1990-01-01T00:00:00.000+01:00" validTo="7777-01-01T00:00:00.000+01:00" id="82EF1ED610C0BC2014D1336C74CD2A74" deprecated="false"/>
    <element shortname="utgytt(ny mod.)+ F 1/3" name="2" description="utgytt(ny mod.)+ F 1/3" validFrom="1990-01-01T00:00:00.000+01:00" validTo="7777-01-01T00:00:00.000+01:00" id="FCCCE7131AD65363E402C8CBBB4C0E7F" deprecated="false"/>
    <element shortname="modnende F 1/2" name="3" description="modnende F 1/2" validFrom="1990-01-01T00:00:00.000+01:00" validTo="7777-01-01T00:00:00.000+01:00" id="467F5CA790068A01B8437F7CBFEAA7A7" deprecated="false"/>
    <element shortname="modnende F 2/3" name="4" description="modnende F 2/3" validFrom="1990-01-01T00:00:00.000+01:00" validTo="7777-01-01T00:00:00.000+01:00" id="D101B583CB9E869AAF103820688444C8" deprecated="false"/>
    <element shortname="modnende/ferdig modnet F &gt;3/4" name="5" description="modnende/ferdig modnet F &gt;3/4" validFrom="1990-01-01T00:00:00.000+01:00" validTo="7777-01-01T00:00:00.000+01:00" id="2B6A66D571D6CF1DC2C9DD54EE2B1A3D" deprecated="false"/>
    <element shortname="gytende/rennende F 1" name="6" description="gytende/rennende F 1" validFrom="1990-01-01T00:00:00.000+01:00" validTo="7777-01-01T00:00:00.000+01:00" id="ED7165785BC1D6DA3332C29E58838AA2" deprecated="false"/>
    <element shortname="umoden F &lt;1/4" name="1" description="umoden F &lt;1/4" validFrom="1990-01-01T00:00:00.000+01:00" validTo="7777-01-01T00:00:00.000+01:00" id="91D51626C7F2C65D9CFE4AC8972D6E2A" deprecated="false"/>
    <element shortname="utgytt F &lt;1/2" name="7" description="utgytt F &lt;1/2" validFrom="1990-01-01T00:00:00.000+01:00" validTo="7777-01-01T00:00:00.000+01:00" id="FACF1EBAEC9492379C6B10405F5F3E74" deprecated="false"/>
</list>
