<?xml version="1.0" encoding="UTF-8" standalone="yes"?>
<list xmlns="http://www.imr.no/formats/nmdreference/v1" tableName="Stadium" description="Modningsgrad" lookupName="Stadium">
    <lastChanged>2013-02-06T00:00:00.000+01:00</lastChanged>
    <element shortname="Ikke observert" name="" description="Ikke observert" validFrom="1990-01-01T00:00:00.000+01:00" validTo="7777-01-01T00:00:00.000+01:00" id="103674CEBDF5EA8DF3C288A0D6B2A0B9" deprecated="false"/>
    <element shortname="Umoden" name="1" description="Umoden" validFrom="1990-01-01T00:00:00.000+01:00" validTo="7777-01-01T00:00:00.000+01:00" id="4C59FB9B5F3C46C1DDACB25FAD038754" deprecated="false"/>
    <element shortname="Modnende" name="2" description="Modnende" validFrom="1990-01-01T00:00:00.000+01:00" validTo="7777-01-01T00:00:00.000+01:00" id="EEFAD548E5E7915EBC8E8B0CA57810CD" deprecated="false"/>
    <element shortname="Gytende" name="3" description="Gytende" validFrom="1990-01-01T00:00:00.000+01:00" validTo="7777-01-01T00:00:00.000+01:00" id="08ECFA9DDDAD3E7BFABF0B1A97E96C78" deprecated="false"/>
    <element shortname="Utgytt /Hvilende" name="4" description="Utgytt /Hvilende" validFrom="1990-01-01T00:00:00.000+01:00" validTo="7777-01-01T00:00:00.000+01:00" id="F994FCB45FB9F25E25E6FC367DF671DA" deprecated="false"/>
    <element shortname="Usikker" name="5" description="Usikker(mellom stadium 1 og 4)" validFrom="1990-01-01T00:00:00.000+01:00" validTo="7777-01-01T00:00:00.000+01:00" id="F621244616675EAAB73B192AB7BCEDF8" deprecated="false"/>
</list>
