<?xml version="1.0" encoding="UTF-8" standalone="yes"?>
<list xmlns="http://www.imr.no/formats/nmdreference/v1" tableName="Vektmetode" description="Angir hvilken vektmetode som er brukt" lookupName="Vektmetode">
    <lastChanged>2011-11-24T00:00:00.000+01:00</lastChanged>
    <element shortname="Ikke observert" name="" description="Ikke observert vekt eller volum" validFrom="1900-01-01T00:00:00.000+01:00" validTo="7777-01-01T00:00:00.000+01:00" id="8DFA7FC5325931B7C5980D7F3F386E4D" deprecated="false"/>
    <element shortname="Rund vekt" name="1" description="Rund vekt" validFrom="1900-01-01T00:00:00.000+01:00" validTo="7777-01-01T00:00:00.000+01:00" id="B8D587936057436C129760AC54FA9497" deprecated="false"/>
    <element shortname="Volum" name="2" description="Volum" validFrom="1900-01-01T00:00:00.000+01:00" validTo="7777-01-01T00:00:00.000+01:00" id="7516AD0B951F10105CEFB9098D4D67D2" deprecated="false"/>
    <element shortname="Sløyd uten hode" name="3" description="Sløyd uten hode" validFrom="1900-01-01T00:00:00.000+01:00" validTo="7777-01-01T00:00:00.000+01:00" id="CA1A3DACDD63EA745AAA01F8DC832394" deprecated="false"/>
    <element shortname="Sløyd med hode" name="4" description="Sløyd med hode" validFrom="1900-01-01T00:00:00.000+01:00" validTo="7777-01-01T00:00:00.000+01:00" id="083555FFFB4EF844E38C284BAD258DAE" deprecated="false"/>
    <element shortname="Sløyd japankutt" name="5" description="Sløyd vekt (japankutt)" validFrom="1900-01-01T00:00:00.000+01:00" validTo="7777-01-01T00:00:00.000+01:00" id="B2E8995CDA541768DE00DC53DC78D139" deprecated="false"/>
    <element shortname="Vekt i decigram" name="6" description="Vekt i 10g (dg)" validFrom="1900-01-01T00:00:00.000+01:00" validTo="7777-01-01T00:00:00.000+01:00" id="28DB191A4BF9DE45AD5AC3478ADB7A12" deprecated="false"/>
    <element shortname="Rund vekt i milligram" name="9" description="Rund vekt i milligram" validFrom="1900-01-01T00:00:00.000+01:00" validTo="7777-01-01T00:00:00.000+01:00" id="63571B38B6011BF0AA92DCF6F7086E64" deprecated="false"/>
</list>
